[
  {
    "id": "Melchior (Initial Draft):1779559699719582500",
    "text": "Initial Draft Content",
    "source": "Melchior (Initial Draft)",
    "embedding": [
      -0.49471432,
      0.34377363,
      0.23767784,
      0.14436235,
      -0.18388346,
      0.09690828,
      -0.28977495,
      -0.009110068,
      -0.24672194,
      0.40613562,
      -0.13526516,
      0.021386843,
      -0.29156855,
      0.021114748,
      0.094231114,
      0.019432502,
      0.24647221,
      -0.07804409,
      0.37511405,
      -0.14335996,
      -0.0400927,
      0.32305634,
      -0.08830481,
      0.17160521,
      0.20511012,
      0.31911954,
      -0.10772959,
      -0.09057728,
      0.3355595,
      -0.35430434,
      -0.079289824,
      0.17593941,
      0.3057992,
      0.1253203,
      0.023684887,
      0.28090358,
      0.36232308,
      -0.15985453,
      0.14199519,
      -0.16774848,
      -0.13884392,
      -0.19558072,
      -0.29705504,
      0.45164752,
      -0.09231867,
      -0.19376896,
      -0.20745489,
      -0.004861346,
      -0.13392979,
      0.5026658,
      0.06329284,
      -0.1753712,
      -0.3689555,
      -0.17309472,
      -0.106440894,
      0.15868914,
      0.15955368,
      -0.13319145,
      0.088681474,
      -0.1315388,
      0.31901252,
      0.08546892,
      -4.1177797,
      -0.014857233,
      0.18505812,
      0.08188343,
      0.0734,
      -0.075000994,
      -0.2321929,
      -0.44367695,
      -0.32425183,
      -0.12845655,
      0.069867335,
      0.42178294,
      -0.00087762374,
      -0.29017362,
      0.024096185,
      -0.3459531,
      0.35393956,
      -0.18854256,
      -0.16966353,
      0.19807287,
      0.045658518,
      0.24304499,
      -0.46861213,
      0.16971539,
      0.21966258,
      0.17630492,
      0.3989114,
      0.41093495,
      -0.014960819,
      -0.43328133,
      0.57881576,
      0.2200164,
      -0.41546133,
      0.006325695,
      -0.14159952,
      -0.012309024,
      0.077857316,
      0.09541861,
      0.527791,
      -0.15464644,
      0.57218176,
      0.027514787,
      -0.5263005,
      -0.7673388,
      -0.18971816,
      -0.1575019,
      -0.12867367,
      0.047735006,
      -0.19421838,
      -0.04810747,
      0.18751448,
      -0.011169602,
      -0.18497519,
      0.05428057,
      -0.32323542,
      0.08428301,
      0.07686873,
      0.06245169,
      0.20364507,
      -0.010807062,
      -0.02194082,
      -0.06136963,
      -0.73969805,
      0.048188128,
      0.5165992,
      -1.2942103e-32,
      0.3823525,
      -0.22436562,
      0.06279281,
      0.59512717,
      0.22007726,
      -0.29347655,
      -0.09645023,
      -0.19586693,
      -0.5336739,
      0.009688288,
      0.2455859,
      0.09562792,
      -0.06263418,
      0.27114603,
      0.19501458,
      -0.22712526,
      -0.44075194,
      0.4480292,
      -0.23688981,
      0.11797024,
      -0.120999716,
      -0.12883142,
      0.051939897,
      -0.31402338,
      0.18257073,
      0.16113716,
      -0.31228632,
      -0.017042551,
      0.00037303753,
      0.19238715,
      -0.19932163,
      -0.08835808,
      -0.029585516,
      -0.08263792,
      -0.0004470285,
      0.15104628,
      0.059187736,
      -0.02742238,
      0.17661348,
      -0.10117726,
      0.10269512,
      -0.0823391,
      -0.030589165,
      0.21859322,
      0.30999002,
      0.31406713,
      -0.2716084,
      -0.17046392,
      0.19933486,
      -0.0112338085,
      0.32591805,
      0.14401157,
      -0.038823042,
      -0.08720464,
      -0.013317975,
      0.27808362,
      -0.42048958,
      -0.33116478,
      -0.27045017,
      -0.27886176,
      0.32192245,
      0.2834112,
      -0.48721853,
      0.39018825,
      0.070843056,
      0.07230524,
      -0.39684436,
      -0.15757751,
      0.50123906,
      -0.44323912,
      -0.28142998,
      -0.46935183,
      -0.30583706,
      0.45416299,
      -0.004810811,
      -0.089000955,
      0.16032727,
      -0.29304987,
      0.22009504,
      -0.57056695,
      0.11078967,
      -0.16746596,
      -0.43492082,
      -0.20567477,
      -0.27378964,
      -0.3215004,
      0.52194923,
      -0.06263038,
      -0.41491818,
      -0.120527245,
      -0.16375148,
      -0.0374942,
      -0.10433158,
      -0.16572508,
      0.7331272,
      -5.5443727e-33,
      -0.14440542,
      -0.40899202,
      -0.4211423,
      0.3792829,
      -0.2006163,
      0.47334418,
      0.0767346,
      -0.08702099,
      0.54247427,
      0.30912438,
      -0.42858887,
      -0.31815287,
      -0.16498479,
      0.25638682,
      -0.10961466,
      -0.7063582,
      -0.39851454,
      -0.30102178,
      -0.45490274,
      0.32018062,
      -0.25854856,
      -0.77858657,
      -0.15396726,
      0.21940693,
      0.34179398,
      1.6294415,
      -0.013884616,
      -0.53007555,
      -0.30431128,
      -0.32625595,
      0.29814515,
      -0.29672977,
      0.48379424,
      0.15790214,
      -0.11119272,
      0.067076206,
      0.39903587,
      0.14451562,
      0.1997202,
      0.22936547,
      0.54723155,
      0.11917998,
      -0.0045167,
      0.6908898,
      -0.35177305,
      -0.22280107,
      -0.14915669,
      0.22153337,
      -0.019169465,
      -0.10105102,
      -0.13680093,
      0.27261803,
      -0.45872563,
      -0.68231624,
      -0.16892296,
      0.3742936,
      0.043850936,
      -0.12538467,
      0.5027173,
      -0.024150025,
      -0.31055006,
      0.64614755,
      -0.27372175,
      -0.21587247,
      -0.25933853,
      -0.6475249,
      -0.058930375,
      -0.27764463,
      -0.44240874,
      0.3699255,
      -0.17309368,
      -0.0799639,
      -0.21027271,
      -0.2025353,
      0.50305724,
      -0.43977946,
      0.3441665,
      -0.16574863,
      -0.048131652,
      -0.07329987,
      -0.016116532,
      0.07178117,
      -0.38410488,
      0.102866486,
      -0.07110364,
      -0.08209046,
      -0.05944567,
      -0.12024642,
      -0.39348614,
      0.4152005,
      0.10550521,
      0.039623756,
      -0.11094845,
      0.5058226,
      -0.5794672,
      -1.0116927e-7,
      -0.03713088,
      0.107197136,
      -0.034343753,
      0.52010417,
      0.23141389,
      -0.008551369,
      0.4260305,
      0.008609192,
      0.58419687,
      -0.048918508,
      0.037653644,
      0.18258521,
      -0.104412876,
      0.05333928,
      0.086781174,
      0.19615349,
      0.13913181,
      -0.20718901,
      -0.24704885,
      -0.18587133,
      0.0147154955,
      -0.20655344,
      0.042380817,
      -0.20702086,
      0.46030337,
      0.08375678,
      -0.14433467,
      0.3772223,
      -0.03847608,
      0.2738045,
      0.07622645,
      0.7976901,
      0.06482918,
      0.11244508,
      0.33718473,
      0.34904563,
      0.14339997,
      0.19030029,
      0.36805588,
      -0.2996982,
      -0.01044019,
      -0.2542515,
      0.25489992,
      0.22184944,
      -0.20820132,
      0.15272933,
      -0.006862825,
      0.020422978,
      -0.04513808,
      -0.56204575,
      -0.7085053,
      -0.16197722,
      0.7290087,
      0.18520705,
      0.38834256,
      0.8964352,
      0.2700199,
      0.1551618,
      0.050650444,
      -0.006443636,
      0.5121883,
      0.22331922,
      -0.20783167,
      0.023077963
    ],
    "timestamp": 1779559701
  },
  {
    "id": "Balthasar (Critique):1779559701956255500",
    "text": "Mock specialized critique",
    "source": "Balthasar (Critique)",
    "embedding": [
      -0.703866,
      0.763489,
      0.25922415,
      -0.25486198,
      -0.56354034,
      -0.4898625,
      0.38279745,
      0.82057786,
      -1.189034,
      0.012544903,
      -0.3410308,
      -0.39277583,
      -0.35515258,
      0.21069077,
      -0.3293578,
      0.17582181,
      0.47185594,
      0.19225626,
      0.004254541,
      0.30088452,
      0.27414167,
      -0.22002494,
      0.5938585,
      0.5825869,
      -0.2500926,
      -0.1579119,
      -0.029772222,
      0.29255548,
      0.021358542,
      -0.4483219,
      -0.17553899,
      0.3860611,
      -0.1711238,
      -0.012048732,
      0.16483879,
      -0.12706399,
      0.33988202,
      -0.06654536,
      0.43815818,
      0.3181992,
      -0.47967494,
      -0.019572979,
      0.6560874,
      0.54330474,
      0.14238426,
      -0.10578359,
      0.55884844,
      -0.40058786,
      -0.31692263,
      -0.19108927,
      -0.24238117,
      -0.26720577,
      -0.47092617,
      -0.30020502,
      -0.49729976,
      0.18496093,
      0.24347498,
      -0.4787716,
      0.3146853,
      0.17792812,
      0.6488748,
      0.007906069,
      -3.3351665,
      0.3810935,
      -0.15962481,
      -0.0037280782,
      0.21849266,
      -0.058145214,
      -0.6870509,
      0.08485928,
      -0.08327946,
      -0.051813103,
      -0.7234886,
      0.1880995,
      0.64726436,
      -0.23857655,
      -0.44390622,
      -0.15214442,
      0.3732497,
      -0.113747746,
      -0.110084414,
      -0.3945066,
      -0.47157052,
      0.06761655,
      0.0017374968,
      -0.2893093,
      0.051723666,
      -0.390962,
      0.065932035,
      -0.04418678,
      0.4095278,
      -0.027289804,
      -0.28534707,
      0.47430867,
      0.012528072,
      0.60697806,
      -0.24950711,
      -0.39480573,
      -0.016296856,
      0.13681954,
      0.38728157,
      0.07112937,
      0.42955467,
      0.14003636,
      -0.59841603,
      -0.09741757,
      -0.12071638,
      -0.30724195,
      0.21083912,
      0.15778852,
      0.14315295,
      -0.014162932,
      -0.20330596,
      0.51100236,
      -0.3847516,
      -0.24738427,
      -0.4240468,
      -0.20639448,
      -0.24088548,
      0.003324401,
      0.19834869,
      -0.004721269,
      -0.019415375,
      0.44483754,
      -0.28906664,
      0.42504904,
      0.11504461,
      -3.273882e-32,
      0.14795074,
      0.20812911,
      0.18514197,
      0.12094402,
      0.452334,
      -0.47712663,
      0.11149043,
      -0.12868647,
      -0.38762707,
      0.40618002,
      0.0017773684,
      0.06595956,
      0.41961926,
      0.57368934,
      0.52538043,
      -0.3070342,
      0.08188898,
      0.062369853,
      -0.5533682,
      -0.11761887,
      0.22408225,
      0.669749,
      -0.48965132,
      -0.61840737,
      0.12758693,
      -0.085957475,
      0.21694471,
      0.42235586,
      -0.041098572,
      0.32262415,
      -0.47900733,
      0.10741856,
      -0.2986269,
      0.33310348,
      0.0862779,
      0.061451882,
      -0.12020283,
      -0.46774516,
      0.07981639,
      -0.38232917,
      -0.07722496,
      -0.47381333,
      0.17648058,
      0.40433523,
      0.5717989,
      0.42219222,
      0.44731832,
      0.39310247,
      0.24853154,
      0.34882742,
      0.11079882,
      0.2529979,
      0.49172133,
      -0.478467,
      0.30388007,
      -0.09346247,
      0.27085003,
      0.51232266,
      -0.22799294,
      -0.0039016264,
      0.018047359,
      -0.039478194,
      -0.31548354,
      0.42435881,
      -0.47161987,
      -0.27870423,
      -0.63721573,
      -0.54897493,
      0.9021441,
      -0.006214847,
      -0.30903995,
      0.09932556,
      -0.29332796,
      0.114541836,
      -0.2243868,
      -0.15021357,
      -0.29294205,
      -0.06477746,
      -0.32092527,
      -0.4014457,
      -0.32450023,
      0.075923614,
      -0.70269907,
      -0.43595943,
      -0.99895287,
      -0.77963084,
      0.36506665,
      -0.22683218,
      -0.3681385,
      0.44913685,
      -0.014729292,
      0.070193686,
      -0.0269267,
      -0.15326516,
      0.29982203,
      2.1089117e-32,
      -0.6997391,
      0.27972353,
      -0.5310562,
      0.82878155,
      -0.07519776,
      0.10769656,
      0.011430908,
      -0.17446958,
      0.14366901,
      0.44687364,
      -0.14105338,
      0.11833703,
      0.18556671,
      0.042748593,
      0.17030963,
      -0.544208,
      -0.26925707,
      -0.81327343,
      -0.022541344,
      0.3448539,
      0.79566526,
      0.3779704,
      -0.06501863,
      -0.08113461,
      -0.086759254,
      2.0625951,
      -0.5672908,
      -0.33808467,
      -0.25184554,
      -0.22898185,
      0.07424687,
      -0.29401195,
      0.4744264,
      0.06801748,
      0.027133016,
      0.20445861,
      0.7588618,
      -0.07142717,
      0.08045477,
      -0.110030144,
      0.4974147,
      0.016160883,
      0.5865506,
      0.27611476,
      0.29539418,
      -0.17853732,
      0.035422266,
      0.12726264,
      -0.3033527,
      -0.29482734,
      0.18874723,
      -0.07182095,
      -0.20312242,
      -0.13050334,
      -0.1565051,
      0.34132168,
      0.06086412,
      -0.9526992,
      0.35705814,
      0.12790257,
      -0.7666473,
      0.336425,
      -0.43795934,
      0.1872312,
      -0.32629144,
      -0.4072894,
      -0.52392894,
      -0.75758094,
      -0.025619444,
      0.12275569,
      -0.09232122,
      0.28932258,
      -0.4410264,
      -0.16554555,
      0.7209872,
      -0.21868938,
      0.6050483,
      -0.36172748,
      0.40066662,
      0.40768263,
      -0.1301389,
      -0.5974553,
      0.45850772,
      0.36074993,
      -0.5093439,
      -0.25407428,
      -0.462281,
      0.46106753,
      -0.56444114,
      0.42996886,
      0.6493076,
      0.63029724,
      -0.25857797,
      0.28688246,
      0.4321854,
      -9.8707446e-8,
      0.20170325,
      0.057493947,
      -0.19587843,
      0.61577,
      0.12412718,
      -0.14681657,
      -0.11372084,
      -0.63179463,
      -0.60869116,
      0.3742861,
      0.39538196,
      0.1549271,
      -0.24554719,
      0.47201264,
      -0.028570378,
      -0.08034509,
      -0.43159878,
      0.3250792,
      -0.52263045,
      -0.09856777,
      0.5011517,
      0.42615193,
      0.22464505,
      -0.14947084,
      -0.37335357,
      0.116662346,
      -0.35648805,
      -0.07641797,
      0.30624235,
      0.40316704,
      0.15513486,
      0.94002706,
      0.18171284,
      0.11641311,
      0.08405701,
      0.4280239,
      -0.0650316,
      0.58759063,
      0.20614013,
      0.1855302,
      -0.5778687,
      -0.43292674,
      -0.12506677,
      0.3323172,
      0.22872967,
      -0.30776346,
      -0.39401382,
      0.094934136,
      -0.1172833,
      0.23260716,
      -0.023798998,
      0.06459446,
      -0.06763792,
      0.30416852,
      -0.011667475,
      0.32007277,
      0.08224274,
      -0.32748896,
      -1.2159741,
      0.34130865,
      0.30795816,
      0.34795257,
      -0.47098035,
      0.21780922
    ],
    "timestamp": 1779559704
  },
  {
    "id": "Casper (Critique):1779559704137857300",
    "text": "Mock specialized critique",
    "source": "Casper (Critique)",
    "embedding": [
      -0.703866,
      0.763489,
      0.25922415,
      -0.25486198,
      -0.56354034,
      -0.4898625,
      0.38279745,
      0.82057786,
      -1.189034,
      0.012544903,
      -0.3410308,
      -0.39277583,
      -0.35515258,
      0.21069077,
      -0.3293578,
      0.17582181,
      0.47185594,
      0.19225626,
      0.004254541,
      0.30088452,
      0.27414167,
      -0.22002494,
      0.5938585,
      0.5825869,
      -0.2500926,
      -0.1579119,
      -0.029772222,
      0.29255548,
      0.021358542,
      -0.4483219,
      -0.17553899,
      0.3860611,
      -0.1711238,
      -0.012048732,
      0.16483879,
      -0.12706399,
      0.33988202,
      -0.06654536,
      0.43815818,
      0.3181992,
      -0.47967494,
      -0.019572979,
      0.6560874,
      0.54330474,
      0.14238426,
      -0.10578359,
      0.55884844,
      -0.40058786,
      -0.31692263,
      -0.19108927,
      -0.24238117,
      -0.26720577,
      -0.47092617,
      -0.30020502,
      -0.49729976,
      0.18496093,
      0.24347498,
      -0.4787716,
      0.3146853,
      0.17792812,
      0.6488748,
      0.007906069,
      -3.3351665,
      0.3810935,
      -0.15962481,
      -0.0037280782,
      0.21849266,
      -0.058145214,
      -0.6870509,
      0.08485928,
      -0.08327946,
      -0.051813103,
      -0.7234886,
      0.1880995,
      0.64726436,
      -0.23857655,
      -0.44390622,
      -0.15214442,
      0.3732497,
      -0.113747746,
      -0.110084414,
      -0.3945066,
      -0.47157052,
      0.06761655,
      0.0017374968,
      -0.2893093,
      0.051723666,
      -0.390962,
      0.065932035,
      -0.04418678,
      0.4095278,
      -0.027289804,
      -0.28534707,
      0.47430867,
      0.012528072,
      0.60697806,
      -0.24950711,
      -0.39480573,
      -0.016296856,
      0.13681954,
      0.38728157,
      0.07112937,
      0.42955467,
      0.14003636,
      -0.59841603,
      -0.09741757,
      -0.12071638,
      -0.30724195,
      0.21083912,
      0.15778852,
      0.14315295,
      -0.014162932,
      -0.20330596,
      0.51100236,
      -0.3847516,
      -0.24738427,
      -0.4240468,
      -0.20639448,
      -0.24088548,
      0.003324401,
      0.19834869,
      -0.004721269,
      -0.019415375,
      0.44483754,
      -0.28906664,
      0.42504904,
      0.11504461,
      -3.273882e-32,
      0.14795074,
      0.20812911,
      0.18514197,
      0.12094402,
      0.452334,
      -0.47712663,
      0.11149043,
      -0.12868647,
      -0.38762707,
      0.40618002,
      0.0017773684,
      0.06595956,
      0.41961926,
      0.57368934,
      0.52538043,
      -0.3070342,
      0.08188898,
      0.062369853,
      -0.5533682,
      -0.11761887,
      0.22408225,
      0.669749,
      -0.48965132,
      -0.61840737,
      0.12758693,
      -0.085957475,
      0.21694471,
      0.42235586,
      -0.041098572,
      0.32262415,
      -0.47900733,
      0.10741856,
      -0.2986269,
      0.33310348,
      0.0862779,
      0.061451882,
      -0.12020283,
      -0.46774516,
      0.07981639,
      -0.38232917,
      -0.07722496,
      -0.47381333,
      0.17648058,
      0.40433523,
      0.5717989,
      0.42219222,
      0.44731832,
      0.39310247,
      0.24853154,
      0.34882742,
      0.11079882,
      0.2529979,
      0.49172133,
      -0.478467,
      0.30388007,
      -0.09346247,
      0.27085003,
      0.51232266,
      -0.22799294,
      -0.0039016264,
      0.018047359,
      -0.039478194,
      -0.31548354,
      0.42435881,
      -0.47161987,
      -0.27870423,
      -0.63721573,
      -0.54897493,
      0.9021441,
      -0.006214847,
      -0.30903995,
      0.09932556,
      -0.29332796,
      0.114541836,
      -0.2243868,
      -0.15021357,
      -0.29294205,
      -0.06477746,
      -0.32092527,
      -0.4014457,
      -0.32450023,
      0.075923614,
      -0.70269907,
      -0.43595943,
      -0.99895287,
      -0.77963084,
      0.36506665,
      -0.22683218,
      -0.3681385,
      0.44913685,
      -0.014729292,
      0.070193686,
      -0.0269267,
      -0.15326516,
      0.29982203,
      2.1089117e-32,
      -0.6997391,
      0.27972353,
      -0.5310562,
      0.82878155,
      -0.07519776,
      0.10769656,
      0.011430908,
      -0.17446958,
      0.14366901,
      0.44687364,
      -0.14105338,
      0.11833703,
      0.18556671,
      0.042748593,
      0.17030963,
      -0.544208,
      -0.26925707,
      -0.81327343,
      -0.022541344,
      0.3448539,
      0.79566526,
      0.3779704,
      -0.06501863,
      -0.08113461,
      -0.086759254,
      2.0625951,
      -0.5672908,
      -0.33808467,
      -0.25184554,
      -0.22898185,
      0.07424687,
      -0.29401195,
      0.4744264,
      0.06801748,
      0.027133016,
      0.20445861,
      0.7588618,
      -0.07142717,
      0.08045477,
      -0.110030144,
      0.4974147,
      0.016160883,
      0.5865506,
      0.27611476,
      0.29539418,
      -0.17853732,
      0.035422266,
      0.12726264,
      -0.3033527,
      -0.29482734,
      0.18874723,
      -0.07182095,
      -0.20312242,
      -0.13050334,
      -0.1565051,
      0.34132168,
      0.06086412,
      -0.9526992,
      0.35705814,
      0.12790257,
      -0.7666473,
      0.336425,
      -0.43795934,
      0.1872312,
      -0.32629144,
      -0.4072894,
      -0.52392894,
      -0.75758094,
      -0.025619444,
      0.12275569,
      -0.09232122,
      0.28932258,
      -0.4410264,
      -0.16554555,
      0.7209872,
      -0.21868938,
      0.6050483,
      -0.36172748,
      0.40066662,
      0.40768263,
      -0.1301389,
      -0.5974553,
      0.45850772,
      0.36074993,
      -0.5093439,
      -0.25407428,
      -0.462281,
      0.46106753,
      -0.56444114,
      0.42996886,
      0.6493076,
      0.63029724,
      -0.25857797,
      0.28688246,
      0.4321854,
      -9.8707446e-8,
      0.20170325,
      0.057493947,
      -0.19587843,
      0.61577,
      0.12412718,
      -0.14681657,
      -0.11372084,
      -0.63179463,
      -0.60869116,
      0.3742861,
      0.39538196,
      0.1549271,
      -0.24554719,
      0.47201264,
      -0.028570378,
      -0.08034509,
      -0.43159878,
      0.3250792,
      -0.52263045,
      -0.09856777,
      0.5011517,
      0.42615193,
      0.22464505,
      -0.14947084,
      -0.37335357,
      0.116662346,
      -0.35648805,
      -0.07641797,
      0.30624235,
      0.40316704,
      0.15513486,
      0.94002706,
      0.18171284,
      0.11641311,
      0.08405701,
      0.4280239,
      -0.0650316,
      0.58759063,
      0.20614013,
      0.1855302,
      -0.5778687,
      -0.43292674,
      -0.12506677,
      0.3323172,
      0.22872967,
      -0.30776346,
      -0.39401382,
      0.094934136,
      -0.1172833,
      0.23260716,
      -0.023798998,
      0.06459446,
      -0.06763792,
      0.30416852,
      -0.011667475,
      0.32007277,
      0.08224274,
      -0.32748896,
      -1.2159741,
      0.34130865,
      0.30795816,
      0.34795257,
      -0.47098035,
      0.21780922
    ],
    "timestamp": 1779559706
  },
  {
    "id": "Melchior (Initial Draft):1779559757081836900",
    "text": "Initial Draft Content",
    "source": "Melchior (Initial Draft)",
    "embedding": [
      -0.49471432,
      0.34377363,
      0.23767784,
      0.14436235,
      -0.18388346,
      0.09690828,
      -0.28977495,
      -0.009110068,
      -0.24672194,
      0.40613562,
      -0.13526516,
      0.021386843,
      -0.29156855,
      0.021114748,
      0.094231114,
      0.019432502,
      0.24647221,
      -0.07804409,
      0.37511405,
      -0.14335996,
      -0.0400927,
      0.32305634,
      -0.08830481,
      0.17160521,
      0.20511012,
      0.31911954,
      -0.10772959,
      -0.09057728,
      0.3355595,
      -0.35430434,
      -0.079289824,
      0.17593941,
      0.3057992,
      0.1253203,
      0.023684887,
      0.28090358,
      0.36232308,
      -0.15985453,
      0.14199519,
      -0.16774848,
      -0.13884392,
      -0.19558072,
      -0.29705504,
      0.45164752,
      -0.09231867,
      -0.19376896,
      -0.20745489,
      -0.004861346,
      -0.13392979,
      0.5026658,
      0.06329284,
      -0.1753712,
      -0.3689555,
      -0.17309472,
      -0.106440894,
      0.15868914,
      0.15955368,
      -0.13319145,
      0.088681474,
      -0.1315388,
      0.31901252,
      0.08546892,
      -4.1177797,
      -0.014857233,
      0.18505812,
      0.08188343,
      0.0734,
      -0.075000994,
      -0.2321929,
      -0.44367695,
      -0.32425183,
      -0.12845655,
      0.069867335,
      0.42178294,
      -0.00087762374,
      -0.29017362,
      0.024096185,
      -0.3459531,
      0.35393956,
      -0.18854256,
      -0.16966353,
      0.19807287,
      0.045658518,
      0.24304499,
      -0.46861213,
      0.16971539,
      0.21966258,
      0.17630492,
      0.3989114,
      0.41093495,
      -0.014960819,
      -0.43328133,
      0.57881576,
      0.2200164,
      -0.41546133,
      0.006325695,
      -0.14159952,
      -0.012309024,
      0.077857316,
      0.09541861,
      0.527791,
      -0.15464644,
      0.57218176,
      0.027514787,
      -0.5263005,
      -0.7673388,
      -0.18971816,
      -0.1575019,
      -0.12867367,
      0.047735006,
      -0.19421838,
      -0.04810747,
      0.18751448,
      -0.011169602,
      -0.18497519,
      0.05428057,
      -0.32323542,
      0.08428301,
      0.07686873,
      0.06245169,
      0.20364507,
      -0.010807062,
      -0.02194082,
      -0.06136963,
      -0.73969805,
      0.048188128,
      0.5165992,
      -1.2942103e-32,
      0.3823525,
      -0.22436562,
      0.06279281,
      0.59512717,
      0.22007726,
      -0.29347655,
      -0.09645023,
      -0.19586693,
      -0.5336739,
      0.009688288,
      0.2455859,
      0.09562792,
      -0.06263418,
      0.27114603,
      0.19501458,
      -0.22712526,
      -0.44075194,
      0.4480292,
      -0.23688981,
      0.11797024,
      -0.120999716,
      -0.12883142,
      0.051939897,
      -0.31402338,
      0.18257073,
      0.16113716,
      -0.31228632,
      -0.017042551,
      0.00037303753,
      0.19238715,
      -0.19932163,
      -0.08835808,
      -0.029585516,
      -0.08263792,
      -0.0004470285,
      0.15104628,
      0.059187736,
      -0.02742238,
      0.17661348,
      -0.10117726,
      0.10269512,
      -0.0823391,
      -0.030589165,
      0.21859322,
      0.30999002,
      0.31406713,
      -0.2716084,
      -0.17046392,
      0.19933486,
      -0.0112338085,
      0.32591805,
      0.14401157,
      -0.038823042,
      -0.08720464,
      -0.013317975,
      0.27808362,
      -0.42048958,
      -0.33116478,
      -0.27045017,
      -0.27886176,
      0.32192245,
      0.2834112,
      -0.48721853,
      0.39018825,
      0.070843056,
      0.07230524,
      -0.39684436,
      -0.15757751,
      0.50123906,
      -0.44323912,
      -0.28142998,
      -0.46935183,
      -0.30583706,
      0.45416299,
      -0.004810811,
      -0.089000955,
      0.16032727,
      -0.29304987,
      0.22009504,
      -0.57056695,
      0.11078967,
      -0.16746596,
      -0.43492082,
      -0.20567477,
      -0.27378964,
      -0.3215004,
      0.52194923,
      -0.06263038,
      -0.41491818,
      -0.120527245,
      -0.16375148,
      -0.0374942,
      -0.10433158,
      -0.16572508,
      0.7331272,
      -5.5443727e-33,
      -0.14440542,
      -0.40899202,
      -0.4211423,
      0.3792829,
      -0.2006163,
      0.47334418,
      0.0767346,
      -0.08702099,
      0.54247427,
      0.30912438,
      -0.42858887,
      -0.31815287,
      -0.16498479,
      0.25638682,
      -0.10961466,
      -0.7063582,
      -0.39851454,
      -0.30102178,
      -0.45490274,
      0.32018062,
      -0.25854856,
      -0.77858657,
      -0.15396726,
      0.21940693,
      0.34179398,
      1.6294415,
      -0.013884616,
      -0.53007555,
      -0.30431128,
      -0.32625595,
      0.29814515,
      -0.29672977,
      0.48379424,
      0.15790214,
      -0.11119272,
      0.067076206,
      0.39903587,
      0.14451562,
      0.1997202,
      0.22936547,
      0.54723155,
      0.11917998,
      -0.0045167,
      0.6908898,
      -0.35177305,
      -0.22280107,
      -0.14915669,
      0.22153337,
      -0.019169465,
      -0.10105102,
      -0.13680093,
      0.27261803,
      -0.45872563,
      -0.68231624,
      -0.16892296,
      0.3742936,
      0.043850936,
      -0.12538467,
      0.5027173,
      -0.024150025,
      -0.31055006,
      0.64614755,
      -0.27372175,
      -0.21587247,
      -0.25933853,
      -0.6475249,
      -0.058930375,
      -0.27764463,
      -0.44240874,
      0.3699255,
      -0.17309368,
      -0.0799639,
      -0.21027271,
      -0.2025353,
      0.50305724,
      -0.43977946,
      0.3441665,
      -0.16574863,
      -0.048131652,
      -0.07329987,
      -0.016116532,
      0.07178117,
      -0.38410488,
      0.102866486,
      -0.07110364,
      -0.08209046,
      -0.05944567,
      -0.12024642,
      -0.39348614,
      0.4152005,
      0.10550521,
      0.039623756,
      -0.11094845,
      0.5058226,
      -0.5794672,
      -1.0116927e-7,
      -0.03713088,
      0.107197136,
      -0.034343753,
      0.52010417,
      0.23141389,
      -0.008551369,
      0.4260305,
      0.008609192,
      0.58419687,
      -0.048918508,
      0.037653644,
      0.18258521,
      -0.104412876,
      0.05333928,
      0.086781174,
      0.19615349,
      0.13913181,
      -0.20718901,
      -0.24704885,
      -0.18587133,
      0.0147154955,
      -0.20655344,
      0.042380817,
      -0.20702086,
      0.46030337,
      0.08375678,
      -0.14433467,
      0.3772223,
      -0.03847608,
      0.2738045,
      0.07622645,
      0.7976901,
      0.06482918,
      0.11244508,
      0.33718473,
      0.34904563,
      0.14339997,
      0.19030029,
      0.36805588,
      -0.2996982,
      -0.01044019,
      -0.2542515,
      0.25489992,
      0.22184944,
      -0.20820132,
      0.15272933,
      -0.006862825,
      0.020422978,
      -0.04513808,
      -0.56204575,
      -0.7085053,
      -0.16197722,
      0.7290087,
      0.18520705,
      0.38834256,
      0.8964352,
      0.2700199,
      0.1551618,
      0.050650444,
      -0.006443636,
      0.5121883,
      0.22331922,
      -0.20783167,
      0.023077963
    ],
    "timestamp": 1779559759
  },
  {
    "id": "Balthasar (Critique):1779559759227082500",
    "text": "Mock specialized critique",
    "source": "Balthasar (Critique)",
    "embedding": [
      -0.703866,
      0.763489,
      0.25922415,
      -0.25486198,
      -0.56354034,
      -0.4898625,
      0.38279745,
      0.82057786,
      -1.189034,
      0.012544903,
      -0.3410308,
      -0.39277583,
      -0.35515258,
      0.21069077,
      -0.3293578,
      0.17582181,
      0.47185594,
      0.19225626,
      0.004254541,
      0.30088452,
      0.27414167,
      -0.22002494,
      0.5938585,
      0.5825869,
      -0.2500926,
      -0.1579119,
      -0.029772222,
      0.29255548,
      0.021358542,
      -0.4483219,
      -0.17553899,
      0.3860611,
      -0.1711238,
      -0.012048732,
      0.16483879,
      -0.12706399,
      0.33988202,
      -0.06654536,
      0.43815818,
      0.3181992,
      -0.47967494,
      -0.019572979,
      0.6560874,
      0.54330474,
      0.14238426,
      -0.10578359,
      0.55884844,
      -0.40058786,
      -0.31692263,
      -0.19108927,
      -0.24238117,
      -0.26720577,
      -0.47092617,
      -0.30020502,
      -0.49729976,
      0.18496093,
      0.24347498,
      -0.4787716,
      0.3146853,
      0.17792812,
      0.6488748,
      0.007906069,
      -3.3351665,
      0.3810935,
      -0.15962481,
      -0.0037280782,
      0.21849266,
      -0.058145214,
      -0.6870509,
      0.08485928,
      -0.08327946,
      -0.051813103,
      -0.7234886,
      0.1880995,
      0.64726436,
      -0.23857655,
      -0.44390622,
      -0.15214442,
      0.3732497,
      -0.113747746,
      -0.110084414,
      -0.3945066,
      -0.47157052,
      0.06761655,
      0.0017374968,
      -0.2893093,
      0.051723666,
      -0.390962,
      0.065932035,
      -0.04418678,
      0.4095278,
      -0.027289804,
      -0.28534707,
      0.47430867,
      0.012528072,
      0.60697806,
      -0.24950711,
      -0.39480573,
      -0.016296856,
      0.13681954,
      0.38728157,
      0.07112937,
      0.42955467,
      0.14003636,
      -0.59841603,
      -0.09741757,
      -0.12071638,
      -0.30724195,
      0.21083912,
      0.15778852,
      0.14315295,
      -0.014162932,
      -0.20330596,
      0.51100236,
      -0.3847516,
      -0.24738427,
      -0.4240468,
      -0.20639448,
      -0.24088548,
      0.003324401,
      0.19834869,
      -0.004721269,
      -0.019415375,
      0.44483754,
      -0.28906664,
      0.42504904,
      0.11504461,
      -3.273882e-32,
      0.14795074,
      0.20812911,
      0.18514197,
      0.12094402,
      0.452334,
      -0.47712663,
      0.11149043,
      -0.12868647,
      -0.38762707,
      0.40618002,
      0.0017773684,
      0.06595956,
      0.41961926,
      0.57368934,
      0.52538043,
      -0.3070342,
      0.08188898,
      0.062369853,
      -0.5533682,
      -0.11761887,
      0.22408225,
      0.669749,
      -0.48965132,
      -0.61840737,
      0.12758693,
      -0.085957475,
      0.21694471,
      0.42235586,
      -0.041098572,
      0.32262415,
      -0.47900733,
      0.10741856,
      -0.2986269,
      0.33310348,
      0.0862779,
      0.061451882,
      -0.12020283,
      -0.46774516,
      0.07981639,
      -0.38232917,
      -0.07722496,
      -0.47381333,
      0.17648058,
      0.40433523,
      0.5717989,
      0.42219222,
      0.44731832,
      0.39310247,
      0.24853154,
      0.34882742,
      0.11079882,
      0.2529979,
      0.49172133,
      -0.478467,
      0.30388007,
      -0.09346247,
      0.27085003,
      0.51232266,
      -0.22799294,
      -0.0039016264,
      0.018047359,
      -0.039478194,
      -0.31548354,
      0.42435881,
      -0.47161987,
      -0.27870423,
      -0.63721573,
      -0.54897493,
      0.9021441,
      -0.006214847,
      -0.30903995,
      0.09932556,
      -0.29332796,
      0.114541836,
      -0.2243868,
      -0.15021357,
      -0.29294205,
      -0.06477746,
      -0.32092527,
      -0.4014457,
      -0.32450023,
      0.075923614,
      -0.70269907,
      -0.43595943,
      -0.99895287,
      -0.77963084,
      0.36506665,
      -0.22683218,
      -0.3681385,
      0.44913685,
      -0.014729292,
      0.070193686,
      -0.0269267,
      -0.15326516,
      0.29982203,
      2.1089117e-32,
      -0.6997391,
      0.27972353,
      -0.5310562,
      0.82878155,
      -0.07519776,
      0.10769656,
      0.011430908,
      -0.17446958,
      0.14366901,
      0.44687364,
      -0.14105338,
      0.11833703,
      0.18556671,
      0.042748593,
      0.17030963,
      -0.544208,
      -0.26925707,
      -0.81327343,
      -0.022541344,
      0.3448539,
      0.79566526,
      0.3779704,
      -0.06501863,
      -0.08113461,
      -0.086759254,
      2.0625951,
      -0.5672908,
      -0.33808467,
      -0.25184554,
      -0.22898185,
      0.07424687,
      -0.29401195,
      0.4744264,
      0.06801748,
      0.027133016,
      0.20445861,
      0.7588618,
      -0.07142717,
      0.08045477,
      -0.110030144,
      0.4974147,
      0.016160883,
      0.5865506,
      0.27611476,
      0.29539418,
      -0.17853732,
      0.035422266,
      0.12726264,
      -0.3033527,
      -0.29482734,
      0.18874723,
      -0.07182095,
      -0.20312242,
      -0.13050334,
      -0.1565051,
      0.34132168,
      0.06086412,
      -0.9526992,
      0.35705814,
      0.12790257,
      -0.7666473,
      0.336425,
      -0.43795934,
      0.1872312,
      -0.32629144,
      -0.4072894,
      -0.52392894,
      -0.75758094,
      -0.025619444,
      0.12275569,
      -0.09232122,
      0.28932258,
      -0.4410264,
      -0.16554555,
      0.7209872,
      -0.21868938,
      0.6050483,
      -0.36172748,
      0.40066662,
      0.40768263,
      -0.1301389,
      -0.5974553,
      0.45850772,
      0.36074993,
      -0.5093439,
      -0.25407428,
      -0.462281,
      0.46106753,
      -0.56444114,
      0.42996886,
      0.6493076,
      0.63029724,
      -0.25857797,
      0.28688246,
      0.4321854,
      -9.8707446e-8,
      0.20170325,
      0.057493947,
      -0.19587843,
      0.61577,
      0.12412718,
      -0.14681657,
      -0.11372084,
      -0.63179463,
      -0.60869116,
      0.3742861,
      0.39538196,
      0.1549271,
      -0.24554719,
      0.47201264,
      -0.028570378,
      -0.08034509,
      -0.43159878,
      0.3250792,
      -0.52263045,
      -0.09856777,
      0.5011517,
      0.42615193,
      0.22464505,
      -0.14947084,
      -0.37335357,
      0.116662346,
      -0.35648805,
      -0.07641797,
      0.30624235,
      0.40316704,
      0.15513486,
      0.94002706,
      0.18171284,
      0.11641311,
      0.08405701,
      0.4280239,
      -0.0650316,
      0.58759063,
      0.20614013,
      0.1855302,
      -0.5778687,
      -0.43292674,
      -0.12506677,
      0.3323172,
      0.22872967,
      -0.30776346,
      -0.39401382,
      0.094934136,
      -0.1172833,
      0.23260716,
      -0.023798998,
      0.06459446,
      -0.06763792,
      0.30416852,
      -0.011667475,
      0.32007277,
      0.08224274,
      -0.32748896,
      -1.2159741,
      0.34130865,
      0.30795816,
      0.34795257,
      -0.47098035,
      0.21780922
    ],
    "timestamp": 1779559761
  },
  {
    "id": "Casper (Critique):1779559761455831500",
    "text": "Mock specialized critique",
    "source": "Casper (Critique)",
    "embedding": [
      -0.703866,
      0.763489,
      0.25922415,
      -0.25486198,
      -0.56354034,
      -0.4898625,
      0.38279745,
      0.82057786,
      -1.189034,
      0.012544903,
      -0.3410308,
      -0.39277583,
      -0.35515258,
      0.21069077,
      -0.3293578,
      0.17582181,
      0.47185594,
      0.19225626,
      0.004254541,
      0.30088452,
      0.27414167,
      -0.22002494,
      0.5938585,
      0.5825869,
      -0.2500926,
      -0.1579119,
      -0.029772222,
      0.29255548,
      0.021358542,
      -0.4483219,
      -0.17553899,
      0.3860611,
      -0.1711238,
      -0.012048732,
      0.16483879,
      -0.12706399,
      0.33988202,
      -0.06654536,
      0.43815818,
      0.3181992,
      -0.47967494,
      -0.019572979,
      0.6560874,
      0.54330474,
      0.14238426,
      -0.10578359,
      0.55884844,
      -0.40058786,
      -0.31692263,
      -0.19108927,
      -0.24238117,
      -0.26720577,
      -0.47092617,
      -0.30020502,
      -0.49729976,
      0.18496093,
      0.24347498,
      -0.4787716,
      0.3146853,
      0.17792812,
      0.6488748,
      0.007906069,
      -3.3351665,
      0.3810935,
      -0.15962481,
      -0.0037280782,
      0.21849266,
      -0.058145214,
      -0.6870509,
      0.08485928,
      -0.08327946,
      -0.051813103,
      -0.7234886,
      0.1880995,
      0.64726436,
      -0.23857655,
      -0.44390622,
      -0.15214442,
      0.3732497,
      -0.113747746,
      -0.110084414,
      -0.3945066,
      -0.47157052,
      0.06761655,
      0.0017374968,
      -0.2893093,
      0.051723666,
      -0.390962,
      0.065932035,
      -0.04418678,
      0.4095278,
      -0.027289804,
      -0.28534707,
      0.47430867,
      0.012528072,
      0.60697806,
      -0.24950711,
      -0.39480573,
      -0.016296856,
      0.13681954,
      0.38728157,
      0.07112937,
      0.42955467,
      0.14003636,
      -0.59841603,
      -0.09741757,
      -0.12071638,
      -0.30724195,
      0.21083912,
      0.15778852,
      0.14315295,
      -0.014162932,
      -0.20330596,
      0.51100236,
      -0.3847516,
      -0.24738427,
      -0.4240468,
      -0.20639448,
      -0.24088548,
      0.003324401,
      0.19834869,
      -0.004721269,
      -0.019415375,
      0.44483754,
      -0.28906664,
      0.42504904,
      0.11504461,
      -3.273882e-32,
      0.14795074,
      0.20812911,
      0.18514197,
      0.12094402,
      0.452334,
      -0.47712663,
      0.11149043,
      -0.12868647,
      -0.38762707,
      0.40618002,
      0.0017773684,
      0.06595956,
      0.41961926,
      0.57368934,
      0.52538043,
      -0.3070342,
      0.08188898,
      0.062369853,
      -0.5533682,
      -0.11761887,
      0.22408225,
      0.669749,
      -0.48965132,
      -0.61840737,
      0.12758693,
      -0.085957475,
      0.21694471,
      0.42235586,
      -0.041098572,
      0.32262415,
      -0.47900733,
      0.10741856,
      -0.2986269,
      0.33310348,
      0.0862779,
      0.061451882,
      -0.12020283,
      -0.46774516,
      0.07981639,
      -0.38232917,
      -0.07722496,
      -0.47381333,
      0.17648058,
      0.40433523,
      0.5717989,
      0.42219222,
      0.44731832,
      0.39310247,
      0.24853154,
      0.34882742,
      0.11079882,
      0.2529979,
      0.49172133,
      -0.478467,
      0.30388007,
      -0.09346247,
      0.27085003,
      0.51232266,
      -0.22799294,
      -0.0039016264,
      0.018047359,
      -0.039478194,
      -0.31548354,
      0.42435881,
      -0.47161987,
      -0.27870423,
      -0.63721573,
      -0.54897493,
      0.9021441,
      -0.006214847,
      -0.30903995,
      0.09932556,
      -0.29332796,
      0.114541836,
      -0.2243868,
      -0.15021357,
      -0.29294205,
      -0.06477746,
      -0.32092527,
      -0.4014457,
      -0.32450023,
      0.075923614,
      -0.70269907,
      -0.43595943,
      -0.99895287,
      -0.77963084,
      0.36506665,
      -0.22683218,
      -0.3681385,
      0.44913685,
      -0.014729292,
      0.070193686,
      -0.0269267,
      -0.15326516,
      0.29982203,
      2.1089117e-32,
      -0.6997391,
      0.27972353,
      -0.5310562,
      0.82878155,
      -0.07519776,
      0.10769656,
      0.011430908,
      -0.17446958,
      0.14366901,
      0.44687364,
      -0.14105338,
      0.11833703,
      0.18556671,
      0.042748593,
      0.17030963,
      -0.544208,
      -0.26925707,
      -0.81327343,
      -0.022541344,
      0.3448539,
      0.79566526,
      0.3779704,
      -0.06501863,
      -0.08113461,
      -0.086759254,
      2.0625951,
      -0.5672908,
      -0.33808467,
      -0.25184554,
      -0.22898185,
      0.07424687,
      -0.29401195,
      0.4744264,
      0.06801748,
      0.027133016,
      0.20445861,
      0.7588618,
      -0.07142717,
      0.08045477,
      -0.110030144,
      0.4974147,
      0.016160883,
      0.5865506,
      0.27611476,
      0.29539418,
      -0.17853732,
      0.035422266,
      0.12726264,
      -0.3033527,
      -0.29482734,
      0.18874723,
      -0.07182095,
      -0.20312242,
      -0.13050334,
      -0.1565051,
      0.34132168,
      0.06086412,
      -0.9526992,
      0.35705814,
      0.12790257,
      -0.7666473,
      0.336425,
      -0.43795934,
      0.1872312,
      -0.32629144,
      -0.4072894,
      -0.52392894,
      -0.75758094,
      -0.025619444,
      0.12275569,
      -0.09232122,
      0.28932258,
      -0.4410264,
      -0.16554555,
      0.7209872,
      -0.21868938,
      0.6050483,
      -0.36172748,
      0.40066662,
      0.40768263,
      -0.1301389,
      -0.5974553,
      0.45850772,
      0.36074993,
      -0.5093439,
      -0.25407428,
      -0.462281,
      0.46106753,
      -0.56444114,
      0.42996886,
      0.6493076,
      0.63029724,
      -0.25857797,
      0.28688246,
      0.4321854,
      -9.8707446e-8,
      0.20170325,
      0.057493947,
      -0.19587843,
      0.61577,
      0.12412718,
      -0.14681657,
      -0.11372084,
      -0.63179463,
      -0.60869116,
      0.3742861,
      0.39538196,
      0.1549271,
      -0.24554719,
      0.47201264,
      -0.028570378,
      -0.08034509,
      -0.43159878,
      0.3250792,
      -0.52263045,
      -0.09856777,
      0.5011517,
      0.42615193,
      0.22464505,
      -0.14947084,
      -0.37335357,
      0.116662346,
      -0.35648805,
      -0.07641797,
      0.30624235,
      0.40316704,
      0.15513486,
      0.94002706,
      0.18171284,
      0.11641311,
      0.08405701,
      0.4280239,
      -0.0650316,
      0.58759063,
      0.20614013,
      0.1855302,
      -0.5778687,
      -0.43292674,
      -0.12506677,
      0.3323172,
      0.22872967,
      -0.30776346,
      -0.39401382,
      0.094934136,
      -0.1172833,
      0.23260716,
      -0.023798998,
      0.06459446,
      -0.06763792,
      0.30416852,
      -0.011667475,
      0.32007277,
      0.08224274,
      -0.32748896,
      -1.2159741,
      0.34130865,
      0.30795816,
      0.34795257,
      -0.47098035,
      0.21780922
    ],
    "timestamp": 1779559763
  },
  {
    "id": "Melchior (Initial Draft):1779559820141638500",
    "text": "Initial Draft Content",
    "source": "Melchior (Initial Draft)",
    "embedding": [
      -0.49471432,
      0.34377363,
      0.23767784,
      0.14436235,
      -0.18388346,
      0.09690828,
      -0.28977495,
      -0.009110068,
      -0.24672194,
      0.40613562,
      -0.13526516,
      0.021386843,
      -0.29156855,
      0.021114748,
      0.094231114,
      0.019432502,
      0.24647221,
      -0.07804409,
      0.37511405,
      -0.14335996,
      -0.0400927,
      0.32305634,
      -0.08830481,
      0.17160521,
      0.20511012,
      0.31911954,
      -0.10772959,
      -0.09057728,
      0.3355595,
      -0.35430434,
      -0.079289824,
      0.17593941,
      0.3057992,
      0.1253203,
      0.023684887,
      0.28090358,
      0.36232308,
      -0.15985453,
      0.14199519,
      -0.16774848,
      -0.13884392,
      -0.19558072,
      -0.29705504,
      0.45164752,
      -0.09231867,
      -0.19376896,
      -0.20745489,
      -0.004861346,
      -0.13392979,
      0.5026658,
      0.06329284,
      -0.1753712,
      -0.3689555,
      -0.17309472,
      -0.106440894,
      0.15868914,
      0.15955368,
      -0.13319145,
      0.088681474,
      -0.1315388,
      0.31901252,
      0.08546892,
      -4.1177797,
      -0.014857233,
      0.18505812,
      0.08188343,
      0.0734,
      -0.075000994,
      -0.2321929,
      -0.44367695,
      -0.32425183,
      -0.12845655,
      0.069867335,
      0.42178294,
      -0.00087762374,
      -0.29017362,
      0.024096185,
      -0.3459531,
      0.35393956,
      -0.18854256,
      -0.16966353,
      0.19807287,
      0.045658518,
      0.24304499,
      -0.46861213,
      0.16971539,
      0.21966258,
      0.17630492,
      0.3989114,
      0.41093495,
      -0.014960819,
      -0.43328133,
      0.57881576,
      0.2200164,
      -0.41546133,
      0.006325695,
      -0.14159952,
      -0.012309024,
      0.077857316,
      0.09541861,
      0.527791,
      -0.15464644,
      0.57218176,
      0.027514787,
      -0.5263005,
      -0.7673388,
      -0.18971816,
      -0.1575019,
      -0.12867367,
      0.047735006,
      -0.19421838,
      -0.04810747,
      0.18751448,
      -0.011169602,
      -0.18497519,
      0.05428057,
      -0.32323542,
      0.08428301,
      0.07686873,
      0.06245169,
      0.20364507,
      -0.010807062,
      -0.02194082,
      -0.06136963,
      -0.73969805,
      0.048188128,
      0.5165992,
      -1.2942103e-32,
      0.3823525,
      -0.22436562,
      0.06279281,
      0.59512717,
      0.22007726,
      -0.29347655,
      -0.09645023,
      -0.19586693,
      -0.5336739,
      0.009688288,
      0.2455859,
      0.09562792,
      -0.06263418,
      0.27114603,
      0.19501458,
      -0.22712526,
      -0.44075194,
      0.4480292,
      -0.23688981,
      0.11797024,
      -0.120999716,
      -0.12883142,
      0.051939897,
      -0.31402338,
      0.18257073,
      0.16113716,
      -0.31228632,
      -0.017042551,
      0.00037303753,
      0.19238715,
      -0.19932163,
      -0.08835808,
      -0.029585516,
      -0.08263792,
      -0.0004470285,
      0.15104628,
      0.059187736,
      -0.02742238,
      0.17661348,
      -0.10117726,
      0.10269512,
      -0.0823391,
      -0.030589165,
      0.21859322,
      0.30999002,
      0.31406713,
      -0.2716084,
      -0.17046392,
      0.19933486,
      -0.0112338085,
      0.32591805,
      0.14401157,
      -0.038823042,
      -0.08720464,
      -0.013317975,
      0.27808362,
      -0.42048958,
      -0.33116478,
      -0.27045017,
      -0.27886176,
      0.32192245,
      0.2834112,
      -0.48721853,
      0.39018825,
      0.070843056,
      0.07230524,
      -0.39684436,
      -0.15757751,
      0.50123906,
      -0.44323912,
      -0.28142998,
      -0.46935183,
      -0.30583706,
      0.45416299,
      -0.004810811,
      -0.089000955,
      0.16032727,
      -0.29304987,
      0.22009504,
      -0.57056695,
      0.11078967,
      -0.16746596,
      -0.43492082,
      -0.20567477,
      -0.27378964,
      -0.3215004,
      0.52194923,
      -0.06263038,
      -0.41491818,
      -0.120527245,
      -0.16375148,
      -0.0374942,
      -0.10433158,
      -0.16572508,
      0.7331272,
      -5.5443727e-33,
      -0.14440542,
      -0.40899202,
      -0.4211423,
      0.3792829,
      -0.2006163,
      0.47334418,
      0.0767346,
      -0.08702099,
      0.54247427,
      0.30912438,
      -0.42858887,
      -0.31815287,
      -0.16498479,
      0.25638682,
      -0.10961466,
      -0.7063582,
      -0.39851454,
      -0.30102178,
      -0.45490274,
      0.32018062,
      -0.25854856,
      -0.77858657,
      -0.15396726,
      0.21940693,
      0.34179398,
      1.6294415,
      -0.013884616,
      -0.53007555,
      -0.30431128,
      -0.32625595,
      0.29814515,
      -0.29672977,
      0.48379424,
      0.15790214,
      -0.11119272,
      0.067076206,
      0.39903587,
      0.14451562,
      0.1997202,
      0.22936547,
      0.54723155,
      0.11917998,
      -0.0045167,
      0.6908898,
      -0.35177305,
      -0.22280107,
      -0.14915669,
      0.22153337,
      -0.019169465,
      -0.10105102,
      -0.13680093,
      0.27261803,
      -0.45872563,
      -0.68231624,
      -0.16892296,
      0.3742936,
      0.043850936,
      -0.12538467,
      0.5027173,
      -0.024150025,
      -0.31055006,
      0.64614755,
      -0.27372175,
      -0.21587247,
      -0.25933853,
      -0.6475249,
      -0.058930375,
      -0.27764463,
      -0.44240874,
      0.3699255,
      -0.17309368,
      -0.0799639,
      -0.21027271,
      -0.2025353,
      0.50305724,
      -0.43977946,
      0.3441665,
      -0.16574863,
      -0.048131652,
      -0.07329987,
      -0.016116532,
      0.07178117,
      -0.38410488,
      0.102866486,
      -0.07110364,
      -0.08209046,
      -0.05944567,
      -0.12024642,
      -0.39348614,
      0.4152005,
      0.10550521,
      0.039623756,
      -0.11094845,
      0.5058226,
      -0.5794672,
      -1.0116927e-7,
      -0.03713088,
      0.107197136,
      -0.034343753,
      0.52010417,
      0.23141389,
      -0.008551369,
      0.4260305,
      0.008609192,
      0.58419687,
      -0.048918508,
      0.037653644,
      0.18258521,
      -0.104412876,
      0.05333928,
      0.086781174,
      0.19615349,
      0.13913181,
      -0.20718901,
      -0.24704885,
      -0.18587133,
      0.0147154955,
      -0.20655344,
      0.042380817,
      -0.20702086,
      0.46030337,
      0.08375678,
      -0.14433467,
      0.3772223,
      -0.03847608,
      0.2738045,
      0.07622645,
      0.7976901,
      0.06482918,
      0.11244508,
      0.33718473,
      0.34904563,
      0.14339997,
      0.19030029,
      0.36805588,
      -0.2996982,
      -0.01044019,
      -0.2542515,
      0.25489992,
      0.22184944,
      -0.20820132,
      0.15272933,
      -0.006862825,
      0.020422978,
      -0.04513808,
      -0.56204575,
      -0.7085053,
      -0.16197722,
      0.7290087,
      0.18520705,
      0.38834256,
      0.8964352,
      0.2700199,
      0.1551618,
      0.050650444,
      -0.006443636,
      0.5121883,
      0.22331922,
      -0.20783167,
      0.023077963
    ],
    "timestamp": 1779559822
  },
  {
    "id": "Balthasar (Critique):1779559822385126900",
    "text": "Mock specialized critique",
    "source": "Balthasar (Critique)",
    "embedding": [
      -0.703866,
      0.763489,
      0.25922415,
      -0.25486198,
      -0.56354034,
      -0.4898625,
      0.38279745,
      0.82057786,
      -1.189034,
      0.012544903,
      -0.3410308,
      -0.39277583,
      -0.35515258,
      0.21069077,
      -0.3293578,
      0.17582181,
      0.47185594,
      0.19225626,
      0.004254541,
      0.30088452,
      0.27414167,
      -0.22002494,
      0.5938585,
      0.5825869,
      -0.2500926,
      -0.1579119,
      -0.029772222,
      0.29255548,
      0.021358542,
      -0.4483219,
      -0.17553899,
      0.3860611,
      -0.1711238,
      -0.012048732,
      0.16483879,
      -0.12706399,
      0.33988202,
      -0.06654536,
      0.43815818,
      0.3181992,
      -0.47967494,
      -0.019572979,
      0.6560874,
      0.54330474,
      0.14238426,
      -0.10578359,
      0.55884844,
      -0.40058786,
      -0.31692263,
      -0.19108927,
      -0.24238117,
      -0.26720577,
      -0.47092617,
      -0.30020502,
      -0.49729976,
      0.18496093,
      0.24347498,
      -0.4787716,
      0.3146853,
      0.17792812,
      0.6488748,
      0.007906069,
      -3.3351665,
      0.3810935,
      -0.15962481,
      -0.0037280782,
      0.21849266,
      -0.058145214,
      -0.6870509,
      0.08485928,
      -0.08327946,
      -0.051813103,
      -0.7234886,
      0.1880995,
      0.64726436,
      -0.23857655,
      -0.44390622,
      -0.15214442,
      0.3732497,
      -0.113747746,
      -0.110084414,
      -0.3945066,
      -0.47157052,
      0.06761655,
      0.0017374968,
      -0.2893093,
      0.051723666,
      -0.390962,
      0.065932035,
      -0.04418678,
      0.4095278,
      -0.027289804,
      -0.28534707,
      0.47430867,
      0.012528072,
      0.60697806,
      -0.24950711,
      -0.39480573,
      -0.016296856,
      0.13681954,
      0.38728157,
      0.07112937,
      0.42955467,
      0.14003636,
      -0.59841603,
      -0.09741757,
      -0.12071638,
      -0.30724195,
      0.21083912,
      0.15778852,
      0.14315295,
      -0.014162932,
      -0.20330596,
      0.51100236,
      -0.3847516,
      -0.24738427,
      -0.4240468,
      -0.20639448,
      -0.24088548,
      0.003324401,
      0.19834869,
      -0.004721269,
      -0.019415375,
      0.44483754,
      -0.28906664,
      0.42504904,
      0.11504461,
      -3.273882e-32,
      0.14795074,
      0.20812911,
      0.18514197,
      0.12094402,
      0.452334,
      -0.47712663,
      0.11149043,
      -0.12868647,
      -0.38762707,
      0.40618002,
      0.0017773684,
      0.06595956,
      0.41961926,
      0.57368934,
      0.52538043,
      -0.3070342,
      0.08188898,
      0.062369853,
      -0.5533682,
      -0.11761887,
      0.22408225,
      0.669749,
      -0.48965132,
      -0.61840737,
      0.12758693,
      -0.085957475,
      0.21694471,
      0.42235586,
      -0.041098572,
      0.32262415,
      -0.47900733,
      0.10741856,
      -0.2986269,
      0.33310348,
      0.0862779,
      0.061451882,
      -0.12020283,
      -0.46774516,
      0.07981639,
      -0.38232917,
      -0.07722496,
      -0.47381333,
      0.17648058,
      0.40433523,
      0.5717989,
      0.42219222,
      0.44731832,
      0.39310247,
      0.24853154,
      0.34882742,
      0.11079882,
      0.2529979,
      0.49172133,
      -0.478467,
      0.30388007,
      -0.09346247,
      0.27085003,
      0.51232266,
      -0.22799294,
      -0.0039016264,
      0.018047359,
      -0.039478194,
      -0.31548354,
      0.42435881,
      -0.47161987,
      -0.27870423,
      -0.63721573,
      -0.54897493,
      0.9021441,
      -0.006214847,
      -0.30903995,
      0.09932556,
      -0.29332796,
      0.114541836,
      -0.2243868,
      -0.15021357,
      -0.29294205,
      -0.06477746,
      -0.32092527,
      -0.4014457,
      -0.32450023,
      0.075923614,
      -0.70269907,
      -0.43595943,
      -0.99895287,
      -0.77963084,
      0.36506665,
      -0.22683218,
      -0.3681385,
      0.44913685,
      -0.014729292,
      0.070193686,
      -0.0269267,
      -0.15326516,
      0.29982203,
      2.1089117e-32,
      -0.6997391,
      0.27972353,
      -0.5310562,
      0.82878155,
      -0.07519776,
      0.10769656,
      0.011430908,
      -0.17446958,
      0.14366901,
      0.44687364,
      -0.14105338,
      0.11833703,
      0.18556671,
      0.042748593,
      0.17030963,
      -0.544208,
      -0.26925707,
      -0.81327343,
      -0.022541344,
      0.3448539,
      0.79566526,
      0.3779704,
      -0.06501863,
      -0.08113461,
      -0.086759254,
      2.0625951,
      -0.5672908,
      -0.33808467,
      -0.25184554,
      -0.22898185,
      0.07424687,
      -0.29401195,
      0.4744264,
      0.06801748,
      0.027133016,
      0.20445861,
      0.7588618,
      -0.07142717,
      0.08045477,
      -0.110030144,
      0.4974147,
      0.016160883,
      0.5865506,
      0.27611476,
      0.29539418,
      -0.17853732,
      0.035422266,
      0.12726264,
      -0.3033527,
      -0.29482734,
      0.18874723,
      -0.07182095,
      -0.20312242,
      -0.13050334,
      -0.1565051,
      0.34132168,
      0.06086412,
      -0.9526992,
      0.35705814,
      0.12790257,
      -0.7666473,
      0.336425,
      -0.43795934,
      0.1872312,
      -0.32629144,
      -0.4072894,
      -0.52392894,
      -0.75758094,
      -0.025619444,
      0.12275569,
      -0.09232122,
      0.28932258,
      -0.4410264,
      -0.16554555,
      0.7209872,
      -0.21868938,
      0.6050483,
      -0.36172748,
      0.40066662,
      0.40768263,
      -0.1301389,
      -0.5974553,
      0.45850772,
      0.36074993,
      -0.5093439,
      -0.25407428,
      -0.462281,
      0.46106753,
      -0.56444114,
      0.42996886,
      0.6493076,
      0.63029724,
      -0.25857797,
      0.28688246,
      0.4321854,
      -9.8707446e-8,
      0.20170325,
      0.057493947,
      -0.19587843,
      0.61577,
      0.12412718,
      -0.14681657,
      -0.11372084,
      -0.63179463,
      -0.60869116,
      0.3742861,
      0.39538196,
      0.1549271,
      -0.24554719,
      0.47201264,
      -0.028570378,
      -0.08034509,
      -0.43159878,
      0.3250792,
      -0.52263045,
      -0.09856777,
      0.5011517,
      0.42615193,
      0.22464505,
      -0.14947084,
      -0.37335357,
      0.116662346,
      -0.35648805,
      -0.07641797,
      0.30624235,
      0.40316704,
      0.15513486,
      0.94002706,
      0.18171284,
      0.11641311,
      0.08405701,
      0.4280239,
      -0.0650316,
      0.58759063,
      0.20614013,
      0.1855302,
      -0.5778687,
      -0.43292674,
      -0.12506677,
      0.3323172,
      0.22872967,
      -0.30776346,
      -0.39401382,
      0.094934136,
      -0.1172833,
      0.23260716,
      -0.023798998,
      0.06459446,
      -0.06763792,
      0.30416852,
      -0.011667475,
      0.32007277,
      0.08224274,
      -0.32748896,
      -1.2159741,
      0.34130865,
      0.30795816,
      0.34795257,
      -0.47098035,
      0.21780922
    ],
    "timestamp": 1779559824
  },
  {
    "id": "Casper (Critique):1779559824513438900",
    "text": "Mock specialized critique",
    "source": "Casper (Critique)",
    "embedding": [
      -0.703866,
      0.763489,
      0.25922415,
      -0.25486198,
      -0.56354034,
      -0.4898625,
      0.38279745,
      0.82057786,
      -1.189034,
      0.012544903,
      -0.3410308,
      -0.39277583,
      -0.35515258,
      0.21069077,
      -0.3293578,
      0.17582181,
      0.47185594,
      0.19225626,
      0.004254541,
      0.30088452,
      0.27414167,
      -0.22002494,
      0.5938585,
      0.5825869,
      -0.2500926,
      -0.1579119,
      -0.029772222,
      0.29255548,
      0.021358542,
      -0.4483219,
      -0.17553899,
      0.3860611,
      -0.1711238,
      -0.012048732,
      0.16483879,
      -0.12706399,
      0.33988202,
      -0.06654536,
      0.43815818,
      0.3181992,
      -0.47967494,
      -0.019572979,
      0.6560874,
      0.54330474,
      0.14238426,
      -0.10578359,
      0.55884844,
      -0.40058786,
      -0.31692263,
      -0.19108927,
      -0.24238117,
      -0.26720577,
      -0.47092617,
      -0.30020502,
      -0.49729976,
      0.18496093,
      0.24347498,
      -0.4787716,
      0.3146853,
      0.17792812,
      0.6488748,
      0.007906069,
      -3.3351665,
      0.3810935,
      -0.15962481,
      -0.0037280782,
      0.21849266,
      -0.058145214,
      -0.6870509,
      0.08485928,
      -0.08327946,
      -0.051813103,
      -0.7234886,
      0.1880995,
      0.64726436,
      -0.23857655,
      -0.44390622,
      -0.15214442,
      0.3732497,
      -0.113747746,
      -0.110084414,
      -0.3945066,
      -0.47157052,
      0.06761655,
      0.0017374968,
      -0.2893093,
      0.051723666,
      -0.390962,
      0.065932035,
      -0.04418678,
      0.4095278,
      -0.027289804,
      -0.28534707,
      0.47430867,
      0.012528072,
      0.60697806,
      -0.24950711,
      -0.39480573,
      -0.016296856,
      0.13681954,
      0.38728157,
      0.07112937,
      0.42955467,
      0.14003636,
      -0.59841603,
      -0.09741757,
      -0.12071638,
      -0.30724195,
      0.21083912,
      0.15778852,
      0.14315295,
      -0.014162932,
      -0.20330596,
      0.51100236,
      -0.3847516,
      -0.24738427,
      -0.4240468,
      -0.20639448,
      -0.24088548,
      0.003324401,
      0.19834869,
      -0.004721269,
      -0.019415375,
      0.44483754,
      -0.28906664,
      0.42504904,
      0.11504461,
      -3.273882e-32,
      0.14795074,
      0.20812911,
      0.18514197,
      0.12094402,
      0.452334,
      -0.47712663,
      0.11149043,
      -0.12868647,
      -0.38762707,
      0.40618002,
      0.0017773684,
      0.06595956,
      0.41961926,
      0.57368934,
      0.52538043,
      -0.3070342,
      0.08188898,
      0.062369853,
      -0.5533682,
      -0.11761887,
      0.22408225,
      0.669749,
      -0.48965132,
      -0.61840737,
      0.12758693,
      -0.085957475,
      0.21694471,
      0.42235586,
      -0.041098572,
      0.32262415,
      -0.47900733,
      0.10741856,
      -0.2986269,
      0.33310348,
      0.0862779,
      0.061451882,
      -0.12020283,
      -0.46774516,
      0.07981639,
      -0.38232917,
      -0.07722496,
      -0.47381333,
      0.17648058,
      0.40433523,
      0.5717989,
      0.42219222,
      0.44731832,
      0.39310247,
      0.24853154,
      0.34882742,
      0.11079882,
      0.2529979,
      0.49172133,
      -0.478467,
      0.30388007,
      -0.09346247,
      0.27085003,
      0.51232266,
      -0.22799294,
      -0.0039016264,
      0.018047359,
      -0.039478194,
      -0.31548354,
      0.42435881,
      -0.47161987,
      -0.27870423,
      -0.63721573,
      -0.54897493,
      0.9021441,
      -0.006214847,
      -0.30903995,
      0.09932556,
      -0.29332796,
      0.114541836,
      -0.2243868,
      -0.15021357,
      -0.29294205,
      -0.06477746,
      -0.32092527,
      -0.4014457,
      -0.32450023,
      0.075923614,
      -0.70269907,
      -0.43595943,
      -0.99895287,
      -0.77963084,
      0.36506665,
      -0.22683218,
      -0.3681385,
      0.44913685,
      -0.014729292,
      0.070193686,
      -0.0269267,
      -0.15326516,
      0.29982203,
      2.1089117e-32,
      -0.6997391,
      0.27972353,
      -0.5310562,
      0.82878155,
      -0.07519776,
      0.10769656,
      0.011430908,
      -0.17446958,
      0.14366901,
      0.44687364,
      -0.14105338,
      0.11833703,
      0.18556671,
      0.042748593,
      0.17030963,
      -0.544208,
      -0.26925707,
      -0.81327343,
      -0.022541344,
      0.3448539,
      0.79566526,
      0.3779704,
      -0.06501863,
      -0.08113461,
      -0.086759254,
      2.0625951,
      -0.5672908,
      -0.33808467,
      -0.25184554,
      -0.22898185,
      0.07424687,
      -0.29401195,
      0.4744264,
      0.06801748,
      0.027133016,
      0.20445861,
      0.7588618,
      -0.07142717,
      0.08045477,
      -0.110030144,
      0.4974147,
      0.016160883,
      0.5865506,
      0.27611476,
      0.29539418,
      -0.17853732,
      0.035422266,
      0.12726264,
      -0.3033527,
      -0.29482734,
      0.18874723,
      -0.07182095,
      -0.20312242,
      -0.13050334,
      -0.1565051,
      0.34132168,
      0.06086412,
      -0.9526992,
      0.35705814,
      0.12790257,
      -0.7666473,
      0.336425,
      -0.43795934,
      0.1872312,
      -0.32629144,
      -0.4072894,
      -0.52392894,
      -0.75758094,
      -0.025619444,
      0.12275569,
      -0.09232122,
      0.28932258,
      -0.4410264,
      -0.16554555,
      0.7209872,
      -0.21868938,
      0.6050483,
      -0.36172748,
      0.40066662,
      0.40768263,
      -0.1301389,
      -0.5974553,
      0.45850772,
      0.36074993,
      -0.5093439,
      -0.25407428,
      -0.462281,
      0.46106753,
      -0.56444114,
      0.42996886,
      0.6493076,
      0.63029724,
      -0.25857797,
      0.28688246,
      0.4321854,
      -9.8707446e-8,
      0.20170325,
      0.057493947,
      -0.19587843,
      0.61577,
      0.12412718,
      -0.14681657,
      -0.11372084,
      -0.63179463,
      -0.60869116,
      0.3742861,
      0.39538196,
      0.1549271,
      -0.24554719,
      0.47201264,
      -0.028570378,
      -0.08034509,
      -0.43159878,
      0.3250792,
      -0.52263045,
      -0.09856777,
      0.5011517,
      0.42615193,
      0.22464505,
      -0.14947084,
      -0.37335357,
      0.116662346,
      -0.35648805,
      -0.07641797,
      0.30624235,
      0.40316704,
      0.15513486,
      0.94002706,
      0.18171284,
      0.11641311,
      0.08405701,
      0.4280239,
      -0.0650316,
      0.58759063,
      0.20614013,
      0.1855302,
      -0.5778687,
      -0.43292674,
      -0.12506677,
      0.3323172,
      0.22872967,
      -0.30776346,
      -0.39401382,
      0.094934136,
      -0.1172833,
      0.23260716,
      -0.023798998,
      0.06459446,
      -0.06763792,
      0.30416852,
      -0.011667475,
      0.32007277,
      0.08224274,
      -0.32748896,
      -1.2159741,
      0.34130865,
      0.30795816,
      0.34795257,
      -0.47098035,
      0.21780922
    ],
    "timestamp": 1779559826
  },
  {
    "id": "Melchior (Initial Draft):1779566813651937700",
    "text": "Draft Content",
    "source": "Melchior (Initial Draft)",
    "embedding": [
      -0.45987818,
      0.19397724,
      0.19711463,
      0.08216209,
      -0.085518345,
      0.15976495,
      -0.2651061,
      -0.08418302,
      -0.1697478,
      0.3791816,
      -0.3427407,
      0.10741991,
      -0.22199912,
      0.046610963,
      0.24413747,
      0.0022269306,
      0.43175262,
      0.19977267,
      0.25675213,
      -0.33975452,
      -0.23404786,
      0.28129402,
      0.019305985,
      0.18717109,
      0.071041904,
      0.19059893,
      -0.07308458,
      -0.18960622,
      0.17203829,
      -0.42426687,
      -0.03576495,
      0.23134801,
      0.16138557,
      0.10936725,
      -0.14751378,
      0.1360615,
      0.2843676,
      -0.042155348,
      0.1392386,
      -0.43559414,
      -0.20834737,
      -0.08157359,
      -0.31998903,
      0.4870499,
      -0.15602325,
      -0.1886727,
      -0.33207777,
      -0.066414334,
      -0.021470444,
      0.40135786,
      0.06324855,
      -0.26845837,
      -0.2900066,
      -0.18012214,
      -0.33645838,
      -0.015634434,
      0.24236187,
      -0.28156644,
      0.011649665,
      -0.12859587,
      0.4076944,
      -0.019595277,
      -4.3938627,
      -0.20955195,
      0.12915306,
      0.13963571,
      0.28568566,
      0.12316009,
      -0.2091896,
      -0.7245205,
      -0.43339375,
      -0.11658476,
      0.12762854,
      0.46226862,
      0.032929227,
      -0.3711437,
      0.124804184,
      -0.52222556,
      0.27401012,
      0.012165668,
      -0.2748721,
      0.19953515,
      -0.1002272,
      0.20629899,
      -0.20859617,
      0.077661335,
      0.36601898,
      0.20476626,
      0.26325238,
      0.41195053,
      0.09960573,
      -0.28832343,
      0.6125638,
      0.045628417,
      -0.5075554,
      -0.03197441,
      -0.082005024,
      -0.03243585,
      -0.29374006,
      0.31424028,
      0.50351936,
      -0.18188487,
      0.464957,
      -0.30956438,
      -0.47340676,
      -0.6686272,
      -0.18441884,
      -0.06665878,
      -0.042367406,
      0.03751698,
      -0.23371048,
      0.05860443,
      0.12237999,
      0.18345386,
      -0.17519641,
      0.05698146,
      -0.34369352,
      0.014372076,
      0.13638319,
      -0.0018782206,
      0.043431573,
      -0.05146705,
      0.07211236,
      0.13598144,
      -0.38022202,
      -0.06017314,
      0.4369965,
      -1.2511812e-32,
      0.4063988,
      -0.17116407,
      0.038751118,
      0.49050856,
      0.4698794,
      -0.33911788,
      0.006476866,
      -0.2891081,
      -0.4652905,
      -0.052201156,
      0.029231785,
      0.18125935,
      0.1327871,
      0.4145633,
      0.4587955,
      -0.34143692,
      -0.47035167,
      0.43151104,
      -0.142785,
      0.2007833,
      -0.19101073,
      -0.2795275,
      0.100882046,
      -0.1911635,
      0.24660805,
      0.07287171,
      -0.30988902,
      0.024946157,
      0.2843617,
      0.21579534,
      -0.21800952,
      0.02547132,
      -0.13909037,
      -0.028003998,
      0.035002086,
      0.071437806,
      -0.172929,
      0.019472092,
      0.3510412,
      -0.12308575,
      -0.044258606,
      -0.1824638,
      -0.03280872,
      0.4295989,
      0.38035268,
      0.31591702,
      -0.18352488,
      -0.44298002,
      -0.22363834,
      -0.24664362,
      0.5032225,
      0.054727353,
      -0.22208832,
      -0.080996364,
      0.06985729,
      0.28272742,
      -0.21554776,
      -0.40721142,
      -0.1107107,
      -0.26496392,
      0.3727341,
      0.34282765,
      -0.48818284,
      0.47325355,
      -0.010943002,
      0.00299669,
      -0.3529756,
      0.026352635,
      0.43973556,
      -0.3973151,
      -0.050504353,
      -0.46193936,
      -0.26192978,
      0.46836364,
      -0.16633792,
      0.021676626,
      0.11537777,
      -0.2536007,
      0.36120272,
      -0.48337507,
      0.33437616,
      -0.4259718,
      -0.38486743,
      -0.25486562,
      -0.14849637,
      -0.47070703,
      0.41046423,
      -0.08480951,
      -0.42667472,
      0.038847808,
      -0.30758122,
      -0.09046861,
      -0.3052404,
      -0.11219806,
      0.6523351,
      -1.7658555e-33,
      -0.2235731,
      -0.47665885,
      -0.29469162,
      0.6193187,
      0.017906273,
      0.4407678,
      0.015473215,
      -0.17966205,
      0.4288486,
      0.27233332,
      -0.7088333,
      -0.25181684,
      -0.26082787,
      0.41279382,
      -0.111930475,
      -0.814977,
      -0.3850303,
      -0.39231452,
      -0.54395294,
      0.20380606,
      -0.42793864,
      -0.5733538,
      -0.013356216,
      0.1928557,
      0.29119605,
      1.6785533,
      -0.17230432,
      -0.49689913,
      -0.28156242,
      -0.20880714,
      0.16729297,
      -0.2308504,
      0.44975585,
      -0.02235665,
      -0.14884707,
      0.107793674,
      0.44422674,
      0.37187928,
      0.12392264,
      0.37588245,
      0.664302,
      0.12589343,
      0.119554505,
      0.3867417,
      -0.5674391,
      0.044667706,
      -0.15723792,
      0.3936868,
      -0.055116862,
      0.16079879,
      -0.1405494,
      0.15546237,
      -0.33218378,
      -0.5789359,
      -0.13013019,
      0.22877988,
      -0.07924552,
      -0.07873337,
      0.4338146,
      0.07171152,
      -0.4008723,
      0.5110912,
      0.03296204,
      0.014000471,
      -0.074592695,
      -0.614687,
      0.066451974,
      -0.2425539,
      -0.4805213,
      0.6041964,
      0.045106534,
      -0.18125689,
      -0.20713116,
      0.0041133496,
      0.45120162,
      -0.39742795,
      0.4174337,
      -0.057446424,
      -0.17747195,
      -0.07789094,
      0.21975115,
      0.0076945703,
      -0.26681966,
      0.23416145,
      -0.20066744,
      0.010776026,
      -0.07250162,
      -0.026470702,
      -0.45442083,
      0.34845704,
      0.04306313,
      0.016004376,
      -0.15824784,
      0.37320122,
      -0.45148602,
      -9.9292926e-8,
      0.12480864,
      0.038848035,
      0.16874558,
      0.38206744,
      0.07657032,
      0.019774005,
      0.24801256,
      -0.111011975,
      0.78991747,
      0.14838603,
      0.29904187,
      -0.08688501,
      -0.065261744,
      0.11623581,
      0.07928521,
      0.27391753,
      0.26953986,
      -0.15073393,
      -0.12241703,
      -0.30539873,
      -0.004317087,
      -0.122629635,
      0.123175025,
      -0.0006071585,
      0.44931868,
      0.015583711,
      -0.09036733,
      0.38998035,
      -0.14528261,
      0.25081688,
      0.117309146,
      0.64607054,
      0.016998472,
      0.20237653,
      0.5914991,
      0.35763043,
      -0.035260003,
      -0.10411768,
      0.2216258,
      -0.0026011376,
      -0.0710344,
      -0.22856912,
      0.35696894,
      0.20135537,
      -0.1729047,
      -0.024048313,
      0.18046072,
      -0.14837228,
      -0.00797389,
      -0.25800318,
      -0.5404305,
      -0.38238317,
      0.76274794,
      0.29607052,
      0.362248,
      0.9400244,
      0.17235048,
      0.3588976,
      0.23010233,
      0.02711127,
      0.4636207,
      0.16609654,
      -0.23882817,
      0.089681864
    ],
    "timestamp": 1779566816
  },
  {
    "id": "Melchior (Initial Draft):1779566826992232300",
    "text": "OK",
    "source": "Melchior (Initial Draft)",
    "embedding": [
      -0.023169778,
      -0.14555913,
      0.43366554,
      0.15779226,
      0.30598664,
      0.15437813,
      0.16698182,
      -0.008273012,
      -0.45831034,
      0.12793073,
      -0.01828263,
      0.07433581,
      -0.15318504,
      0.08202596,
      0.16364388,
      0.14493628,
      0.14184895,
      0.009705394,
      0.3430559,
      -0.136437,
      0.11050022,
      0.20839587,
      0.18058187,
      -0.05396931,
      0.018643646,
      0.26406243,
      0.15124148,
      0.23569083,
      -0.13133578,
      -0.39169744,
      -0.020726172,
      -0.31889722,
      -0.22536352,
      0.22286475,
      0.08711893,
      -0.30520472,
      0.120028906,
      -0.01642514,
      0.025201263,
      -0.1102731,
      -0.001034038,
      0.2444039,
      0.19216642,
      0.21313941,
      -0.15706845,
      0.041719664,
      0.20260525,
      -0.0678958,
      -0.04401837,
      0.007568307,
      0.12946817,
      0.073125936,
      0.24169348,
      0.05529195,
      0.043716315,
      0.05163627,
      -0.14611949,
      0.1582354,
      -0.010894179,
      -0.09602444,
      0.28284806,
      0.27371842,
      -5.5161724,
      -0.32501957,
      -0.27291557,
      0.17174837,
      0.07435039,
      -0.11768644,
      -0.18526416,
      -0.081048116,
      0.017678935,
      -0.11350167,
      0.25531885,
      0.12375325,
      -0.0010044455,
      -0.17002213,
      0.18628274,
      -0.12937555,
      0.07801314,
      0.36598855,
      -0.33986536,
      0.023447096,
      0.00059038715,
      -0.14667149,
      -0.1282313,
      -0.18529676,
      0.11658325,
      -0.17582335,
      -0.31018472,
      0.24480473,
      0.09641353,
      0.02946519,
      0.35067758,
      0.05194706,
      -0.49604636,
      -0.17544565,
      0.24361292,
      0.3746178,
      -0.38362262,
      0.62547845,
      0.11097458,
      -0.093505226,
      0.31130213,
      0.06680239,
      0.22763507,
      0.015037493,
      -0.41717762,
      0.35368,
      0.23935339,
      -0.22378272,
      0.024935024,
      0.08890376,
      0.02610652,
      -0.04979509,
      -0.07037285,
      0.02570683,
      -0.21064691,
      -0.21783888,
      -0.19748084,
      -0.0997341,
      0.21320769,
      -0.054972112,
      -0.04225248,
      0.15293598,
      -0.21954724,
      -0.06474223,
      0.34973377,
      -1.7207433e-32,
      0.22456162,
      -0.10441219,
      0.13107231,
      -0.13101283,
      0.153948,
      -0.27127358,
      0.035683192,
      -0.24986431,
      -0.27483562,
      0.19337267,
      -0.1436986,
      0.013042818,
      -0.044856284,
      0.49647754,
      0.3032555,
      0.42837206,
      0.2891167,
      0.3666866,
      -0.22475487,
      -0.050026566,
      -0.036170635,
      -0.11444204,
      0.059965827,
      0.043983653,
      0.2167364,
      -0.45345435,
      -0.0017253475,
      -0.2406996,
      0.59343684,
      0.08840025,
      -0.14527215,
      0.07104847,
      -0.15323111,
      -0.13055487,
      0.03207904,
      -0.049661793,
      0.03261906,
      -0.18450552,
      0.11379177,
      0.099003255,
      -0.24203981,
      0.13449012,
      -0.029254884,
      0.09836913,
      0.24648064,
      0.051485706,
      -0.103741504,
      -0.16335589,
      -0.023581848,
      -0.078902304,
      0.12460793,
      -0.058766402,
      0.37883887,
      0.23265147,
      -0.12435935,
      0.095993,
      0.056158982,
      -0.109294504,
      0.16446799,
      -0.18401131,
      0.039413866,
      0.2583598,
      0.05432997,
      0.40957087,
      0.23961371,
      -0.26418468,
      -0.021629736,
      0.013027182,
      -0.08320228,
      -0.1449918,
      0.27889717,
      -0.22312023,
      -0.5472259,
      0.38108706,
      -0.14584431,
      0.2121399,
      0.19013627,
      0.06413508,
      0.22279313,
      -0.14059713,
      0.2787645,
      -0.13110678,
      -0.802605,
      0.01777925,
      0.20528361,
      -0.16193393,
      -0.19393021,
      0.062709495,
      0.28205106,
      0.114331365,
      0.06912557,
      -0.09807622,
      0.2982552,
      -0.5209536,
      0.49123985,
      2.1887858e-32,
      -0.17432813,
      0.38121358,
      0.01539498,
      0.27110317,
      0.19230545,
      0.16460063,
      0.185119,
      -0.06773607,
      0.21242234,
      0.5319194,
      0.4134787,
      0.06843743,
      0.028585702,
      -0.0047236676,
      0.3816463,
      -0.38447246,
      -0.28607503,
      0.04627318,
      -0.2641812,
      0.3460748,
      -0.10538404,
      -0.45063388,
      0.18587697,
      -0.09883473,
      0.063788146,
      2.0919716,
      0.3863314,
      -0.26068065,
      -0.01393569,
      0.021351485,
      0.12332117,
      0.19724274,
      0.2548615,
      0.37802845,
      -0.22273646,
      0.015343392,
      0.12780622,
      -0.49790567,
      -0.06389932,
      0.022708343,
      0.071130395,
      -0.24453083,
      -0.19239706,
      0.2024734,
      -0.123265296,
      0.08367469,
      0.47129673,
      0.5890835,
      -0.28325686,
      0.084120415,
      0.2096101,
      0.03984322,
      0.29794464,
      0.0057942723,
      0.034078073,
      0.18820795,
      -0.06824932,
      -0.20907168,
      0.19900401,
      0.056881893,
      0.028662428,
      0.07990741,
      -0.015439742,
      0.27535462,
      -0.3237139,
      -0.1593305,
      -0.04124695,
      -0.48282388,
      -0.44505504,
      -0.096518986,
      -0.21021566,
      -0.02617276,
      -0.33765855,
      0.37838894,
      -0.10387769,
      -0.17805763,
      -0.0071497518,
      -0.36756486,
      -0.024414577,
      0.17917548,
      0.054217793,
      -0.043153152,
      0.03593834,
      0.036169678,
      -0.28644168,
      0.07253285,
      -0.087579995,
      0.3890638,
      0.10658344,
      0.31511474,
      0.083048545,
      0.3922903,
      0.15724769,
      -0.0016022956,
      -0.031439207,
      -9.153768e-8,
      0.17406142,
      -0.113916665,
      0.015478269,
      0.08337696,
      -0.14790715,
      0.32454976,
      -0.22896136,
      0.05331131,
      -0.3179352,
      -0.092778236,
      -0.11190262,
      -0.18332608,
      0.07090787,
      0.14289032,
      0.17458636,
      0.14310671,
      0.16007361,
      -0.02545894,
      -0.0030229916,
      0.0070278766,
      0.041510683,
      -0.20341535,
      0.22944097,
      0.21060713,
      0.20596191,
      -0.21879295,
      -0.02047832,
      -0.16571838,
      -0.061042886,
      -0.0018953453,
      0.27329385,
      0.59172076,
      -0.30387855,
      -0.026476411,
      0.2932024,
      0.15846749,
      0.13160568,
      -0.34514138,
      0.07764366,
      0.21313396,
      -0.060457263,
      -0.41761458,
      0.30223787,
      0.31012043,
      -0.40789115,
      -0.14843078,
      0.39580864,
      -0.076091334,
      -0.1679943,
      -0.18802252,
      -0.12456604,
      -0.19168682,
      -0.085045874,
      0.16126254,
      0.33295846,
      -0.09031479,
      0.072982,
      0.049851753,
      -0.27210945,
      0.30015424,
      0.024459627,
      0.100877486,
      0.070464954,
      -0.34822938
    ],
    "timestamp": 1779566829
  },
  {
    "id": "Melchior (Refined Draft - Cycle 1):1779566829310593400",
    "text": "OK",
    "source": "Melchior (Refined Draft - Cycle 1)",
    "embedding": [
      -0.023169778,
      -0.14555913,
      0.43366554,
      0.15779226,
      0.30598664,
      0.15437813,
      0.16698182,
      -0.008273012,
      -0.45831034,
      0.12793073,
      -0.01828263,
      0.07433581,
      -0.15318504,
      0.08202596,
      0.16364388,
      0.14493628,
      0.14184895,
      0.009705394,
      0.3430559,
      -0.136437,
      0.11050022,
      0.20839587,
      0.18058187,
      -0.05396931,
      0.018643646,
      0.26406243,
      0.15124148,
      0.23569083,
      -0.13133578,
      -0.39169744,
      -0.020726172,
      -0.31889722,
      -0.22536352,
      0.22286475,
      0.08711893,
      -0.30520472,
      0.120028906,
      -0.01642514,
      0.025201263,
      -0.1102731,
      -0.001034038,
      0.2444039,
      0.19216642,
      0.21313941,
      -0.15706845,
      0.041719664,
      0.20260525,
      -0.0678958,
      -0.04401837,
      0.007568307,
      0.12946817,
      0.073125936,
      0.24169348,
      0.05529195,
      0.043716315,
      0.05163627,
      -0.14611949,
      0.1582354,
      -0.010894179,
      -0.09602444,
      0.28284806,
      0.27371842,
      -5.5161724,
      -0.32501957,
      -0.27291557,
      0.17174837,
      0.07435039,
      -0.11768644,
      -0.18526416,
      -0.081048116,
      0.017678935,
      -0.11350167,
      0.25531885,
      0.12375325,
      -0.0010044455,
      -0.17002213,
      0.18628274,
      -0.12937555,
      0.07801314,
      0.36598855,
      -0.33986536,
      0.023447096,
      0.00059038715,
      -0.14667149,
      -0.1282313,
      -0.18529676,
      0.11658325,
      -0.17582335,
      -0.31018472,
      0.24480473,
      0.09641353,
      0.02946519,
      0.35067758,
      0.05194706,
      -0.49604636,
      -0.17544565,
      0.24361292,
      0.3746178,
      -0.38362262,
      0.62547845,
      0.11097458,
      -0.093505226,
      0.31130213,
      0.06680239,
      0.22763507,
      0.015037493,
      -0.41717762,
      0.35368,
      0.23935339,
      -0.22378272,
      0.024935024,
      0.08890376,
      0.02610652,
      -0.04979509,
      -0.07037285,
      0.02570683,
      -0.21064691,
      -0.21783888,
      -0.19748084,
      -0.0997341,
      0.21320769,
      -0.054972112,
      -0.04225248,
      0.15293598,
      -0.21954724,
      -0.06474223,
      0.34973377,
      -1.7207433e-32,
      0.22456162,
      -0.10441219,
      0.13107231,
      -0.13101283,
      0.153948,
      -0.27127358,
      0.035683192,
      -0.24986431,
      -0.27483562,
      0.19337267,
      -0.1436986,
      0.013042818,
      -0.044856284,
      0.49647754,
      0.3032555,
      0.42837206,
      0.2891167,
      0.3666866,
      -0.22475487,
      -0.050026566,
      -0.036170635,
      -0.11444204,
      0.059965827,
      0.043983653,
      0.2167364,
      -0.45345435,
      -0.0017253475,
      -0.2406996,
      0.59343684,
      0.08840025,
      -0.14527215,
      0.07104847,
      -0.15323111,
      -0.13055487,
      0.03207904,
      -0.049661793,
      0.03261906,
      -0.18450552,
      0.11379177,
      0.099003255,
      -0.24203981,
      0.13449012,
      -0.029254884,
      0.09836913,
      0.24648064,
      0.051485706,
      -0.103741504,
      -0.16335589,
      -0.023581848,
      -0.078902304,
      0.12460793,
      -0.058766402,
      0.37883887,
      0.23265147,
      -0.12435935,
      0.095993,
      0.056158982,
      -0.109294504,
      0.16446799,
      -0.18401131,
      0.039413866,
      0.2583598,
      0.05432997,
      0.40957087,
      0.23961371,
      -0.26418468,
      -0.021629736,
      0.013027182,
      -0.08320228,
      -0.1449918,
      0.27889717,
      -0.22312023,
      -0.5472259,
      0.38108706,
      -0.14584431,
      0.2121399,
      0.19013627,
      0.06413508,
      0.22279313,
      -0.14059713,
      0.2787645,
      -0.13110678,
      -0.802605,
      0.01777925,
      0.20528361,
      -0.16193393,
      -0.19393021,
      0.062709495,
      0.28205106,
      0.114331365,
      0.06912557,
      -0.09807622,
      0.2982552,
      -0.5209536,
      0.49123985,
      2.1887858e-32,
      -0.17432813,
      0.38121358,
      0.01539498,
      0.27110317,
      0.19230545,
      0.16460063,
      0.185119,
      -0.06773607,
      0.21242234,
      0.5319194,
      0.4134787,
      0.06843743,
      0.028585702,
      -0.0047236676,
      0.3816463,
      -0.38447246,
      -0.28607503,
      0.04627318,
      -0.2641812,
      0.3460748,
      -0.10538404,
      -0.45063388,
      0.18587697,
      -0.09883473,
      0.063788146,
      2.0919716,
      0.3863314,
      -0.26068065,
      -0.01393569,
      0.021351485,
      0.12332117,
      0.19724274,
      0.2548615,
      0.37802845,
      -0.22273646,
      0.015343392,
      0.12780622,
      -0.49790567,
      -0.06389932,
      0.022708343,
      0.071130395,
      -0.24453083,
      -0.19239706,
      0.2024734,
      -0.123265296,
      0.08367469,
      0.47129673,
      0.5890835,
      -0.28325686,
      0.084120415,
      0.2096101,
      0.03984322,
      0.29794464,
      0.0057942723,
      0.034078073,
      0.18820795,
      -0.06824932,
      -0.20907168,
      0.19900401,
      0.056881893,
      0.028662428,
      0.07990741,
      -0.015439742,
      0.27535462,
      -0.3237139,
      -0.1593305,
      -0.04124695,
      -0.48282388,
      -0.44505504,
      -0.096518986,
      -0.21021566,
      -0.02617276,
      -0.33765855,
      0.37838894,
      -0.10387769,
      -0.17805763,
      -0.0071497518,
      -0.36756486,
      -0.024414577,
      0.17917548,
      0.054217793,
      -0.043153152,
      0.03593834,
      0.036169678,
      -0.28644168,
      0.07253285,
      -0.087579995,
      0.3890638,
      0.10658344,
      0.31511474,
      0.083048545,
      0.3922903,
      0.15724769,
      -0.0016022956,
      -0.031439207,
      -9.153768e-8,
      0.17406142,
      -0.113916665,
      0.015478269,
      0.08337696,
      -0.14790715,
      0.32454976,
      -0.22896136,
      0.05331131,
      -0.3179352,
      -0.092778236,
      -0.11190262,
      -0.18332608,
      0.07090787,
      0.14289032,
      0.17458636,
      0.14310671,
      0.16007361,
      -0.02545894,
      -0.0030229916,
      0.0070278766,
      0.041510683,
      -0.20341535,
      0.22944097,
      0.21060713,
      0.20596191,
      -0.21879295,
      -0.02047832,
      -0.16571838,
      -0.061042886,
      -0.0018953453,
      0.27329385,
      0.59172076,
      -0.30387855,
      -0.026476411,
      0.2932024,
      0.15846749,
      0.13160568,
      -0.34514138,
      0.07764366,
      0.21313396,
      -0.060457263,
      -0.41761458,
      0.30223787,
      0.31012043,
      -0.40789115,
      -0.14843078,
      0.39580864,
      -0.076091334,
      -0.1679943,
      -0.18802252,
      -0.12456604,
      -0.19168682,
      -0.085045874,
      0.16126254,
      0.33295846,
      -0.09031479,
      0.072982,
      0.049851753,
      -0.27210945,
      0.30015424,
      0.024459627,
      0.100877486,
      0.070464954,
      -0.34822938
    ],
    "timestamp": 1779566831
  },
  {
    "id": "Melchior (Refined Draft - Cycle 2):1779566831659011100",
    "text": "OK",
    "source": "Melchior (Refined Draft - Cycle 2)",
    "embedding": [
      -0.023169778,
      -0.14555913,
      0.43366554,
      0.15779226,
      0.30598664,
      0.15437813,
      0.16698182,
      -0.008273012,
      -0.45831034,
      0.12793073,
      -0.01828263,
      0.07433581,
      -0.15318504,
      0.08202596,
      0.16364388,
      0.14493628,
      0.14184895,
      0.009705394,
      0.3430559,
      -0.136437,
      0.11050022,
      0.20839587,
      0.18058187,
      -0.05396931,
      0.018643646,
      0.26406243,
      0.15124148,
      0.23569083,
      -0.13133578,
      -0.39169744,
      -0.020726172,
      -0.31889722,
      -0.22536352,
      0.22286475,
      0.08711893,
      -0.30520472,
      0.120028906,
      -0.01642514,
      0.025201263,
      -0.1102731,
      -0.001034038,
      0.2444039,
      0.19216642,
      0.21313941,
      -0.15706845,
      0.041719664,
      0.20260525,
      -0.0678958,
      -0.04401837,
      0.007568307,
      0.12946817,
      0.073125936,
      0.24169348,
      0.05529195,
      0.043716315,
      0.05163627,
      -0.14611949,
      0.1582354,
      -0.010894179,
      -0.09602444,
      0.28284806,
      0.27371842,
      -5.5161724,
      -0.32501957,
      -0.27291557,
      0.17174837,
      0.07435039,
      -0.11768644,
      -0.18526416,
      -0.081048116,
      0.017678935,
      -0.11350167,
      0.25531885,
      0.12375325,
      -0.0010044455,
      -0.17002213,
      0.18628274,
      -0.12937555,
      0.07801314,
      0.36598855,
      -0.33986536,
      0.023447096,
      0.00059038715,
      -0.14667149,
      -0.1282313,
      -0.18529676,
      0.11658325,
      -0.17582335,
      -0.31018472,
      0.24480473,
      0.09641353,
      0.02946519,
      0.35067758,
      0.05194706,
      -0.49604636,
      -0.17544565,
      0.24361292,
      0.3746178,
      -0.38362262,
      0.62547845,
      0.11097458,
      -0.093505226,
      0.31130213,
      0.06680239,
      0.22763507,
      0.015037493,
      -0.41717762,
      0.35368,
      0.23935339,
      -0.22378272,
      0.024935024,
      0.08890376,
      0.02610652,
      -0.04979509,
      -0.07037285,
      0.02570683,
      -0.21064691,
      -0.21783888,
      -0.19748084,
      -0.0997341,
      0.21320769,
      -0.054972112,
      -0.04225248,
      0.15293598,
      -0.21954724,
      -0.06474223,
      0.34973377,
      -1.7207433e-32,
      0.22456162,
      -0.10441219,
      0.13107231,
      -0.13101283,
      0.153948,
      -0.27127358,
      0.035683192,
      -0.24986431,
      -0.27483562,
      0.19337267,
      -0.1436986,
      0.013042818,
      -0.044856284,
      0.49647754,
      0.3032555,
      0.42837206,
      0.2891167,
      0.3666866,
      -0.22475487,
      -0.050026566,
      -0.036170635,
      -0.11444204,
      0.059965827,
      0.043983653,
      0.2167364,
      -0.45345435,
      -0.0017253475,
      -0.2406996,
      0.59343684,
      0.08840025,
      -0.14527215,
      0.07104847,
      -0.15323111,
      -0.13055487,
      0.03207904,
      -0.049661793,
      0.03261906,
      -0.18450552,
      0.11379177,
      0.099003255,
      -0.24203981,
      0.13449012,
      -0.029254884,
      0.09836913,
      0.24648064,
      0.051485706,
      -0.103741504,
      -0.16335589,
      -0.023581848,
      -0.078902304,
      0.12460793,
      -0.058766402,
      0.37883887,
      0.23265147,
      -0.12435935,
      0.095993,
      0.056158982,
      -0.109294504,
      0.16446799,
      -0.18401131,
      0.039413866,
      0.2583598,
      0.05432997,
      0.40957087,
      0.23961371,
      -0.26418468,
      -0.021629736,
      0.013027182,
      -0.08320228,
      -0.1449918,
      0.27889717,
      -0.22312023,
      -0.5472259,
      0.38108706,
      -0.14584431,
      0.2121399,
      0.19013627,
      0.06413508,
      0.22279313,
      -0.14059713,
      0.2787645,
      -0.13110678,
      -0.802605,
      0.01777925,
      0.20528361,
      -0.16193393,
      -0.19393021,
      0.062709495,
      0.28205106,
      0.114331365,
      0.06912557,
      -0.09807622,
      0.2982552,
      -0.5209536,
      0.49123985,
      2.1887858e-32,
      -0.17432813,
      0.38121358,
      0.01539498,
      0.27110317,
      0.19230545,
      0.16460063,
      0.185119,
      -0.06773607,
      0.21242234,
      0.5319194,
      0.4134787,
      0.06843743,
      0.028585702,
      -0.0047236676,
      0.3816463,
      -0.38447246,
      -0.28607503,
      0.04627318,
      -0.2641812,
      0.3460748,
      -0.10538404,
      -0.45063388,
      0.18587697,
      -0.09883473,
      0.063788146,
      2.0919716,
      0.3863314,
      -0.26068065,
      -0.01393569,
      0.021351485,
      0.12332117,
      0.19724274,
      0.2548615,
      0.37802845,
      -0.22273646,
      0.015343392,
      0.12780622,
      -0.49790567,
      -0.06389932,
      0.022708343,
      0.071130395,
      -0.24453083,
      -0.19239706,
      0.2024734,
      -0.123265296,
      0.08367469,
      0.47129673,
      0.5890835,
      -0.28325686,
      0.084120415,
      0.2096101,
      0.03984322,
      0.29794464,
      0.0057942723,
      0.034078073,
      0.18820795,
      -0.06824932,
      -0.20907168,
      0.19900401,
      0.056881893,
      0.028662428,
      0.07990741,
      -0.015439742,
      0.27535462,
      -0.3237139,
      -0.1593305,
      -0.04124695,
      -0.48282388,
      -0.44505504,
      -0.096518986,
      -0.21021566,
      -0.02617276,
      -0.33765855,
      0.37838894,
      -0.10387769,
      -0.17805763,
      -0.0071497518,
      -0.36756486,
      -0.024414577,
      0.17917548,
      0.054217793,
      -0.043153152,
      0.03593834,
      0.036169678,
      -0.28644168,
      0.07253285,
      -0.087579995,
      0.3890638,
      0.10658344,
      0.31511474,
      0.083048545,
      0.3922903,
      0.15724769,
      -0.0016022956,
      -0.031439207,
      -9.153768e-8,
      0.17406142,
      -0.113916665,
      0.015478269,
      0.08337696,
      -0.14790715,
      0.32454976,
      -0.22896136,
      0.05331131,
      -0.3179352,
      -0.092778236,
      -0.11190262,
      -0.18332608,
      0.07090787,
      0.14289032,
      0.17458636,
      0.14310671,
      0.16007361,
      -0.02545894,
      -0.0030229916,
      0.0070278766,
      0.041510683,
      -0.20341535,
      0.22944097,
      0.21060713,
      0.20596191,
      -0.21879295,
      -0.02047832,
      -0.16571838,
      -0.061042886,
      -0.0018953453,
      0.27329385,
      0.59172076,
      -0.30387855,
      -0.026476411,
      0.2932024,
      0.15846749,
      0.13160568,
      -0.34514138,
      0.07764366,
      0.21313396,
      -0.060457263,
      -0.41761458,
      0.30223787,
      0.31012043,
      -0.40789115,
      -0.14843078,
      0.39580864,
      -0.076091334,
      -0.1679943,
      -0.18802252,
      -0.12456604,
      -0.19168682,
      -0.085045874,
      0.16126254,
      0.33295846,
      -0.09031479,
      0.072982,
      0.049851753,
      -0.27210945,
      0.30015424,
      0.024459627,
      0.100877486,
      0.070464954,
      -0.34822938
    ],
    "timestamp": 1779566834
  },
  {
    "id": "Melchior (Initial Draft):1779582765642385300",
    "text": " 02.\n\nThe writer, who is writing in prison camps. The prisoners also include: .400,000.\n\nFinnan\n\nDurka\n\nHarka\n\n\"it was a full-country.\n\nAminimal.\n\nAwaywardly\n\nThe rebellion, in 1968.\n\nThey say\n\nCub\n\nThe rebels, the rebels, themselves.\n\nThe revolution, they say\n\nAwaywardly\n\nFor, the popular uprising\n\nAwaywardly, the democratic government\n\nThe dictator, who, had a, tragic, fall\n\nAwaywardly, a bloody reign of terror\n\nThe tyrant, who, had a, long\n\nThe orgy, of course,\n\nThe events, which, were, a, inevitable\n\nThe, violent, .\n\nThe, the fire, they say\n\nThe, the impotence, of the regime\n\nThe, the government\n\nThe, the opposition\n\nThe, the terrorists, to this day, are\n\nThe, the rebels, the, the opposition,\n\nThe, the massacre, was a,\n\nThe, the dictator, who, had a, bloody,\n\nThe, the, the rebels,\n\nThe, the dictatorship, was,\n\nThe, the, the regime, which,\n\nThe, the, the CIA, which,\n\nThe, the weapons, which, the rebels,\n\nThe, the tanks,\n\nThe, the rebels,\n\nThe, the, the regime,\n\nThe, the, the rebels,\n\nThe, the, the regime, which,\n\nThe, the, the rebels,\n\nThe, the, the CIA,\n\nThe, the, the rebels,\n\nThe, the, the regime,\n\nThe, the, the CIA,\n\nThe, the, the rebels,\n\nThe, the, the opposition,\n\nThe, the, the rebels,\n\nThe, the, the CIA,\n\nThe, the, the rebels,\n\nThe, the, the CIA,\n\nThe, the, the rebels,\n\nThe, the, the CIA,\n\nThe, the, the rebels,\n\nThe, the, the CIA,\n\nThe, the, the rebels,\n\nThe, the, the CIA,\n\nThe, the, the rebels,\n\nThe, the, the CIA,\n\nThe, the, the rebels,\n\nThe, the, the CIA,\n\nThe, the rebels,\n\nThe, the, the moment,\n\nThe, the, the people.\n\nThe, the, the CIA,\n\nThe, the, the rebels,\n\nThe, the, the CIA,\n\nThe, the, the rebels,\n\nThe, the, the CIA,\n\nThe, the, the rebels,\n\nThe, the, the CIA,\n\nThe, the, the rebels,\n\nThe, the, the CIA,\n\nThe, the, the rebels,\n\nThe, the, the CIA,\n\nThe, the, the rebels,\n\nThe, the, the CIA,\n\nThe, the, the rebels,\n\nThe, the, the CIA,\n\nThe, the, the rebels,\n\nThe, the, the CIA,\n\nThe, the, the rebels,\n\nThe, the, the CIA,\n\nThe, the, the rebels,\n\nThe, the, the CIA,\n\nThe, the, the rebels,\n\nThe, the, the CIA,\n\nThe, the, the rebels,\n\nThe, the, the CIA,\n\nThe, the, the rebels,\n\nThe, the, the CIA,\n\nThe, the, the rebels,\n\nThe, the, the CIA,\n\nThe, the, the rebels,\n\nThe, the, the CIA,\n\nThe, the, the rebels,\n\nThe, the, the CIA,\n\nThe, the, the rebels,\n\nThe, the, the CIA,\n\nThe, the, the rebels,\n\nThe, the, the CIA,\n\nThe, the, the rebels,\n\nThe, the, the CIA,\n\nThe, the, the rebels,\n\nThe, the, the CIA,\n\nThe, the, the rebels,\n\nThe, the, the CIA,\n\nThe, the, the rebels,\n\nThe, the, the CIA,\n\nThe, the, the rebels,\n\nThe, the, the CIA,\n\nThe, the, the rebels,\n\nThe, the, the CIA,\n",
    "source": "Melchior (Initial Draft)",
    "embedding": [
      -0.038540643,
      0.118492916,
      -0.2569635,
      0.13229892,
      -0.092926666,
      0.17135027,
      0.07323533,
      0.04627238,
      -0.002679236,
      0.11575891,
      0.12764145,
      0.099451706,
      0.020421607,
      -0.11543141,
      -0.031687465,
      0.17946634,
      -0.117136575,
      0.08193712,
      0.003015905,
      0.020801073,
      -0.034218237,
      0.02659579,
      0.077625036,
      0.15058635,
      0.082551606,
      0.035717115,
      0.074635275,
      0.03416086,
      -0.00061521155,
      -0.027862797,
      -0.015482847,
      -0.08194838,
      -0.081954196,
      0.084960096,
      0.23551963,
      0.07261915,
      0.08890498,
      -0.07835308,
      -0.00082291703,
      0.031031173,
      0.13672525,
      0.06444242,
      0.064937405,
      0.009348646,
      0.049380932,
      -0.0023740758,
      -0.12816848,
      0.0077541666,
      -0.04980199,
      -0.01006688,
      0.19579628,
      -0.03443736,
      -0.002680632,
      0.075245984,
      0.11591257,
      -0.13644755,
      -0.0005071565,
      0.026179701,
      0.056758754,
      0.042890243,
      -0.0251667,
      0.14950511,
      0.021598132,
      -0.019826178,
      -0.076232485,
      -0.18276246,
      0.040247,
      -0.00038817036,
      -0.1704452,
      0.077605724,
      -0.11896872,
      -0.042486876,
      0.04806253,
      0.008278974,
      -0.09963728,
      -0.34285074,
      0.08419851,
      0.1293265,
      0.035899233,
      -0.1168331,
      0.095220916,
      0.087962046,
      -0.019882567,
      0.016739782,
      -0.10735005,
      -0.029995013,
      -0.111721314,
      -0.054951567,
      0.11861399,
      -0.15353137,
      0.08202581,
      0.06010861,
      0.04880991,
      0.016810236,
      -0.067176946,
      -0.059120853,
      0.20587173,
      0.1144869,
      -0.0129382005,
      0.10336684,
      0.10007972,
      -0.06046128,
      0.02891006,
      -0.10084803,
      -0.05577712,
      -0.1219859,
      0.21529226,
      -0.058871385,
      -0.089447364,
      -0.028948661,
      -0.050540697,
      -0.0414038,
      0.004127424,
      0.104545526,
      0.15690555,
      -0.14186066,
      -0.08425847,
      -0.10862223,
      -0.09875,
      0.06398611,
      -0.0730345,
      0.05427259,
      -0.014281735,
      0.2057949,
      -0.07311921,
      -0.0001135155,
      0.032383755,
      -1.2317425e-32,
      0.17339055,
      -0.18028148,
      -0.12144894,
      0.1457127,
      -0.059150577,
      -0.16840158,
      0.013863597,
      -0.087670855,
      0.022280969,
      0.11035344,
      0.018207187,
      -0.2728837,
      -0.12696172,
      0.034700863,
      0.0013445583,
      0.010408373,
      -0.07616573,
      -0.065850735,
      0.07158724,
      -0.01982338,
      0.039291244,
      0.15754567,
      -0.024874033,
      0.0016140149,
      0.010631512,
      0.009028266,
      -0.085782684,
      -0.19038579,
      -0.0065363985,
      0.03206948,
      0.09340283,
      0.14254706,
      -0.044565212,
      -0.18643741,
      0.028996533,
      -0.093689494,
      -0.051163968,
      0.04060597,
      -0.077376366,
      0.0850295,
      0.015014246,
      -0.03842186,
      -0.0052034073,
      -0.07558415,
      0.12618774,
      0.16776073,
      0.045051616,
      -0.014583604,
      0.13820799,
      -0.05775537,
      -0.1003043,
      0.0026972783,
      -0.108731695,
      0.024253462,
      -0.057638716,
      -0.045878217,
      -0.08726063,
      0.12798446,
      0.1912647,
      0.0017346104,
      -0.024397254,
      0.034253888,
      -0.040177707,
      -0.026607106,
      0.057189807,
      -0.087518655,
      -0.08481025,
      0.03767765,
      0.017991334,
      -0.020810159,
      -0.033301838,
      -0.082092956,
      -0.10839643,
      0.019122794,
      -0.075435795,
      -0.09052718,
      0.09757349,
      0.10432461,
      -0.13009574,
      0.060278937,
      -0.07772061,
      -0.032786593,
      0.013617222,
      0.08385766,
      -0.024473932,
      -0.020647643,
      0.072005756,
      -0.21879971,
      -0.07898272,
      0.07644918,
      -0.12687072,
      0.0787259,
      0.028071882,
      -0.2204534,
      -0.12907004,
      4.2479905e-33,
      0.03890071,
      -0.019590953,
      -0.135101,
      0.09579293,
      0.03989127,
      0.105934635,
      -0.1021671,
      0.15953146,
      -0.08870067,
      0.033132173,
      -0.068161435,
      -0.0085291695,
      0.01892151,
      0.15072289,
      0.070027724,
      -0.025162008,
      0.017103428,
      0.094405964,
      0.020418225,
      0.05125232,
      -0.155746,
      -0.020023402,
      -0.09165667,
      -0.091173016,
      0.13687706,
      -0.0072060935,
      0.04865699,
      0.068567954,
      -0.08866365,
      -0.06332538,
      -0.005320674,
      -0.09324691,
      -0.06235417,
      0.18930215,
      -0.1512939,
      -0.11268154,
      -0.048220154,
      -0.093927,
      -0.18273196,
      -0.0062776143,
      0.049839016,
      -0.12461956,
      -0.2358626,
      -0.04820755,
      -0.16248585,
      0.12103526,
      -0.13384393,
      -0.03203747,
      0.094937935,
      -0.015679339,
      0.06595449,
      0.09349532,
      0.0020495653,
      0.07042921,
      0.059343208,
      -0.11407769,
      -0.14553982,
      -0.06165697,
      0.20655961,
      -0.010664273,
      -0.2373422,
      0.05485543,
      -0.08045854,
      -0.020416312,
      0.1262005,
      -0.0535866,
      -0.0017794577,
      -0.053007536,
      0.24761824,
      -0.047713056,
      0.09627973,
      -0.07574932,
      -0.057771817,
      0.00851737,
      -0.024656333,
      0.026886802,
      -0.046192884,
      -0.05896246,
      0.019581545,
      -0.08883958,
      0.03964396,
      -0.19939643,
      -0.013162397,
      0.061673667,
      -0.045304958,
      0.14637044,
      0.13078594,
      -0.0037375165,
      -0.07686465,
      0.050913166,
      0.13795765,
      -0.1829222,
      0.05863039,
      -0.032475974,
      0.0065844012,
      -1.00000236e-7,
      -0.07594963,
      0.09822633,
      -0.024047334,
      0.008333972,
      0.09266943,
      0.027495826,
      -0.0185555,
      -0.01367506,
      -0.11311778,
      0.17447774,
      0.08945209,
      -0.13592152,
      0.048680745,
      0.057649598,
      -0.07603384,
      0.031999156,
      -0.033696923,
      -0.052029777,
      0.0089715235,
      0.029403517,
      -0.04916803,
      0.0182102,
      -0.033245444,
      -0.09645372,
      0.042271595,
      0.17099372,
      -0.089786805,
      0.06593389,
      -0.006050206,
      -0.0356417,
      0.0255666,
      0.106484786,
      -0.11760472,
      0.010384212,
      0.000290059,
      0.1910108,
      0.08059993,
      -0.09676341,
      0.03237052,
      -0.16331014,
      -0.032345552,
      0.03794744,
      0.18888919,
      0.04334532,
      -0.039175432,
      -0.025018437,
      0.1304714,
      -0.07623815,
      0.03655595,
      -0.16635856,
      0.03677814,
      -0.058096506,
      0.108515896,
      0.11873988,
      0.001005982,
      -0.078122064,
      0.06008146,
      0.01577355,
      -0.14178,
      -0.045168538,
      0.17922138,
      0.090584494,
      -0.03553682,
      -0.048488952
    ],
    "timestamp": 1779582767
  },
  {
    "id": "Melchior (Initial Draft):1780826143809799100",
    "text": "Mock Unit Output",
    "source": "Melchior (Initial Draft)",
    "embedding": [
      1.0,
      0.0,
      0.0
    ],
    "timestamp": 1780826143
  },
  {
    "id": "Melchior (Refined Draft - Cycle 1):1780826143809862500",
    "text": "Mock Unit Output",
    "source": "Melchior (Refined Draft - Cycle 1)",
    "embedding": [
      1.0,
      0.0,
      0.0
    ],
    "timestamp": 1780826143
  },
  {
    "id": "Melchior (Refined Draft - Cycle 2):1780826143809971000",
    "text": "Mock Unit Output",
    "source": "Melchior (Refined Draft - Cycle 2)",
    "embedding": [
      1.0,
      0.0,
      0.0
    ],
    "timestamp": 1780826143
  },
  {
    "id": "Melchior (Initial Draft):1780826473050593500",
    "text": "OK",
    "source": "Melchior (Initial Draft)",
    "embedding": [
      -0.023169778,
      -0.14555913,
      0.43366554,
      0.15779226,
      0.30598664,
      0.15437813,
      0.16698182,
      -0.008273012,
      -0.45831034,
      0.12793073,
      -0.01828263,
      0.07433581,
      -0.15318504,
      0.08202596,
      0.16364388,
      0.14493628,
      0.14184895,
      0.009705394,
      0.3430559,
      -0.136437,
      0.11050022,
      0.20839587,
      0.18058187,
      -0.05396931,
      0.018643646,
      0.26406243,
      0.15124148,
      0.23569083,
      -0.13133578,
      -0.39169744,
      -0.020726172,
      -0.31889722,
      -0.22536352,
      0.22286475,
      0.08711893,
      -0.30520472,
      0.120028906,
      -0.01642514,
      0.025201263,
      -0.1102731,
      -0.001034038,
      0.2444039,
      0.19216642,
      0.21313941,
      -0.15706845,
      0.041719664,
      0.20260525,
      -0.0678958,
      -0.04401837,
      0.007568307,
      0.12946817,
      0.073125936,
      0.24169348,
      0.05529195,
      0.043716315,
      0.05163627,
      -0.14611949,
      0.1582354,
      -0.010894179,
      -0.09602444,
      0.28284806,
      0.27371842,
      -5.5161724,
      -0.32501957,
      -0.27291557,
      0.17174837,
      0.07435039,
      -0.11768644,
      -0.18526416,
      -0.081048116,
      0.017678935,
      -0.11350167,
      0.25531885,
      0.12375325,
      -0.0010044455,
      -0.17002213,
      0.18628274,
      -0.12937555,
      0.07801314,
      0.36598855,
      -0.33986536,
      0.023447096,
      0.00059038715,
      -0.14667149,
      -0.1282313,
      -0.18529676,
      0.11658325,
      -0.17582335,
      -0.31018472,
      0.24480473,
      0.09641353,
      0.02946519,
      0.35067758,
      0.05194706,
      -0.49604636,
      -0.17544565,
      0.24361292,
      0.3746178,
      -0.38362262,
      0.62547845,
      0.11097458,
      -0.093505226,
      0.31130213,
      0.06680239,
      0.22763507,
      0.015037493,
      -0.41717762,
      0.35368,
      0.23935339,
      -0.22378272,
      0.024935024,
      0.08890376,
      0.02610652,
      -0.04979509,
      -0.07037285,
      0.02570683,
      -0.21064691,
      -0.21783888,
      -0.19748084,
      -0.0997341,
      0.21320769,
      -0.054972112,
      -0.04225248,
      0.15293598,
      -0.21954724,
      -0.06474223,
      0.34973377,
      -1.7207433e-32,
      0.22456162,
      -0.10441219,
      0.13107231,
      -0.13101283,
      0.153948,
      -0.27127358,
      0.035683192,
      -0.24986431,
      -0.27483562,
      0.19337267,
      -0.1436986,
      0.013042818,
      -0.044856284,
      0.49647754,
      0.3032555,
      0.42837206,
      0.2891167,
      0.3666866,
      -0.22475487,
      -0.050026566,
      -0.036170635,
      -0.11444204,
      0.059965827,
      0.043983653,
      0.2167364,
      -0.45345435,
      -0.0017253475,
      -0.2406996,
      0.59343684,
      0.08840025,
      -0.14527215,
      0.07104847,
      -0.15323111,
      -0.13055487,
      0.03207904,
      -0.049661793,
      0.03261906,
      -0.18450552,
      0.11379177,
      0.099003255,
      -0.24203981,
      0.13449012,
      -0.029254884,
      0.09836913,
      0.24648064,
      0.051485706,
      -0.103741504,
      -0.16335589,
      -0.023581848,
      -0.078902304,
      0.12460793,
      -0.058766402,
      0.37883887,
      0.23265147,
      -0.12435935,
      0.095993,
      0.056158982,
      -0.109294504,
      0.16446799,
      -0.18401131,
      0.039413866,
      0.2583598,
      0.05432997,
      0.40957087,
      0.23961371,
      -0.26418468,
      -0.021629736,
      0.013027182,
      -0.08320228,
      -0.1449918,
      0.27889717,
      -0.22312023,
      -0.5472259,
      0.38108706,
      -0.14584431,
      0.2121399,
      0.19013627,
      0.06413508,
      0.22279313,
      -0.14059713,
      0.2787645,
      -0.13110678,
      -0.802605,
      0.01777925,
      0.20528361,
      -0.16193393,
      -0.19393021,
      0.062709495,
      0.28205106,
      0.114331365,
      0.06912557,
      -0.09807622,
      0.2982552,
      -0.5209536,
      0.49123985,
      2.1887858e-32,
      -0.17432813,
      0.38121358,
      0.01539498,
      0.27110317,
      0.19230545,
      0.16460063,
      0.185119,
      -0.06773607,
      0.21242234,
      0.5319194,
      0.4134787,
      0.06843743,
      0.028585702,
      -0.0047236676,
      0.3816463,
      -0.38447246,
      -0.28607503,
      0.04627318,
      -0.2641812,
      0.3460748,
      -0.10538404,
      -0.45063388,
      0.18587697,
      -0.09883473,
      0.063788146,
      2.0919716,
      0.3863314,
      -0.26068065,
      -0.01393569,
      0.021351485,
      0.12332117,
      0.19724274,
      0.2548615,
      0.37802845,
      -0.22273646,
      0.015343392,
      0.12780622,
      -0.49790567,
      -0.06389932,
      0.022708343,
      0.071130395,
      -0.24453083,
      -0.19239706,
      0.2024734,
      -0.123265296,
      0.08367469,
      0.47129673,
      0.5890835,
      -0.28325686,
      0.084120415,
      0.2096101,
      0.03984322,
      0.29794464,
      0.0057942723,
      0.034078073,
      0.18820795,
      -0.06824932,
      -0.20907168,
      0.19900401,
      0.056881893,
      0.028662428,
      0.07990741,
      -0.015439742,
      0.27535462,
      -0.3237139,
      -0.1593305,
      -0.04124695,
      -0.48282388,
      -0.44505504,
      -0.096518986,
      -0.21021566,
      -0.02617276,
      -0.33765855,
      0.37838894,
      -0.10387769,
      -0.17805763,
      -0.0071497518,
      -0.36756486,
      -0.024414577,
      0.17917548,
      0.054217793,
      -0.043153152,
      0.03593834,
      0.036169678,
      -0.28644168,
      0.07253285,
      -0.087579995,
      0.3890638,
      0.10658344,
      0.31511474,
      0.083048545,
      0.3922903,
      0.15724769,
      -0.0016022956,
      -0.031439207,
      -9.153768e-8,
      0.17406142,
      -0.113916665,
      0.015478269,
      0.08337696,
      -0.14790715,
      0.32454976,
      -0.22896136,
      0.05331131,
      -0.3179352,
      -0.092778236,
      -0.11190262,
      -0.18332608,
      0.07090787,
      0.14289032,
      0.17458636,
      0.14310671,
      0.16007361,
      -0.02545894,
      -0.0030229916,
      0.0070278766,
      0.041510683,
      -0.20341535,
      0.22944097,
      0.21060713,
      0.20596191,
      -0.21879295,
      -0.02047832,
      -0.16571838,
      -0.061042886,
      -0.0018953453,
      0.27329385,
      0.59172076,
      -0.30387855,
      -0.026476411,
      0.2932024,
      0.15846749,
      0.13160568,
      -0.34514138,
      0.07764366,
      0.21313396,
      -0.060457263,
      -0.41761458,
      0.30223787,
      0.31012043,
      -0.40789115,
      -0.14843078,
      0.39580864,
      -0.076091334,
      -0.1679943,
      -0.18802252,
      -0.12456604,
      -0.19168682,
      -0.085045874,
      0.16126254,
      0.33295846,
      -0.09031479,
      0.072982,
      0.049851753,
      -0.27210945,
      0.30015424,
      0.024459627,
      0.100877486,
      0.070464954,
      -0.34822938
    ],
    "timestamp": 1780826475
  },
  {
    "id": "Melchior (Refined Draft - Cycle 1):1780826475991343400",
    "text": "OK",
    "source": "Melchior (Refined Draft - Cycle 1)",
    "embedding": [
      -0.023169778,
      -0.14555913,
      0.43366554,
      0.15779226,
      0.30598664,
      0.15437813,
      0.16698182,
      -0.008273012,
      -0.45831034,
      0.12793073,
      -0.01828263,
      0.07433581,
      -0.15318504,
      0.08202596,
      0.16364388,
      0.14493628,
      0.14184895,
      0.009705394,
      0.3430559,
      -0.136437,
      0.11050022,
      0.20839587,
      0.18058187,
      -0.05396931,
      0.018643646,
      0.26406243,
      0.15124148,
      0.23569083,
      -0.13133578,
      -0.39169744,
      -0.020726172,
      -0.31889722,
      -0.22536352,
      0.22286475,
      0.08711893,
      -0.30520472,
      0.120028906,
      -0.01642514,
      0.025201263,
      -0.1102731,
      -0.001034038,
      0.2444039,
      0.19216642,
      0.21313941,
      -0.15706845,
      0.041719664,
      0.20260525,
      -0.0678958,
      -0.04401837,
      0.007568307,
      0.12946817,
      0.073125936,
      0.24169348,
      0.05529195,
      0.043716315,
      0.05163627,
      -0.14611949,
      0.1582354,
      -0.010894179,
      -0.09602444,
      0.28284806,
      0.27371842,
      -5.5161724,
      -0.32501957,
      -0.27291557,
      0.17174837,
      0.07435039,
      -0.11768644,
      -0.18526416,
      -0.081048116,
      0.017678935,
      -0.11350167,
      0.25531885,
      0.12375325,
      -0.0010044455,
      -0.17002213,
      0.18628274,
      -0.12937555,
      0.07801314,
      0.36598855,
      -0.33986536,
      0.023447096,
      0.00059038715,
      -0.14667149,
      -0.1282313,
      -0.18529676,
      0.11658325,
      -0.17582335,
      -0.31018472,
      0.24480473,
      0.09641353,
      0.02946519,
      0.35067758,
      0.05194706,
      -0.49604636,
      -0.17544565,
      0.24361292,
      0.3746178,
      -0.38362262,
      0.62547845,
      0.11097458,
      -0.093505226,
      0.31130213,
      0.06680239,
      0.22763507,
      0.015037493,
      -0.41717762,
      0.35368,
      0.23935339,
      -0.22378272,
      0.024935024,
      0.08890376,
      0.02610652,
      -0.04979509,
      -0.07037285,
      0.02570683,
      -0.21064691,
      -0.21783888,
      -0.19748084,
      -0.0997341,
      0.21320769,
      -0.054972112,
      -0.04225248,
      0.15293598,
      -0.21954724,
      -0.06474223,
      0.34973377,
      -1.7207433e-32,
      0.22456162,
      -0.10441219,
      0.13107231,
      -0.13101283,
      0.153948,
      -0.27127358,
      0.035683192,
      -0.24986431,
      -0.27483562,
      0.19337267,
      -0.1436986,
      0.013042818,
      -0.044856284,
      0.49647754,
      0.3032555,
      0.42837206,
      0.2891167,
      0.3666866,
      -0.22475487,
      -0.050026566,
      -0.036170635,
      -0.11444204,
      0.059965827,
      0.043983653,
      0.2167364,
      -0.45345435,
      -0.0017253475,
      -0.2406996,
      0.59343684,
      0.08840025,
      -0.14527215,
      0.07104847,
      -0.15323111,
      -0.13055487,
      0.03207904,
      -0.049661793,
      0.03261906,
      -0.18450552,
      0.11379177,
      0.099003255,
      -0.24203981,
      0.13449012,
      -0.029254884,
      0.09836913,
      0.24648064,
      0.051485706,
      -0.103741504,
      -0.16335589,
      -0.023581848,
      -0.078902304,
      0.12460793,
      -0.058766402,
      0.37883887,
      0.23265147,
      -0.12435935,
      0.095993,
      0.056158982,
      -0.109294504,
      0.16446799,
      -0.18401131,
      0.039413866,
      0.2583598,
      0.05432997,
      0.40957087,
      0.23961371,
      -0.26418468,
      -0.021629736,
      0.013027182,
      -0.08320228,
      -0.1449918,
      0.27889717,
      -0.22312023,
      -0.5472259,
      0.38108706,
      -0.14584431,
      0.2121399,
      0.19013627,
      0.06413508,
      0.22279313,
      -0.14059713,
      0.2787645,
      -0.13110678,
      -0.802605,
      0.01777925,
      0.20528361,
      -0.16193393,
      -0.19393021,
      0.062709495,
      0.28205106,
      0.114331365,
      0.06912557,
      -0.09807622,
      0.2982552,
      -0.5209536,
      0.49123985,
      2.1887858e-32,
      -0.17432813,
      0.38121358,
      0.01539498,
      0.27110317,
      0.19230545,
      0.16460063,
      0.185119,
      -0.06773607,
      0.21242234,
      0.5319194,
      0.4134787,
      0.06843743,
      0.028585702,
      -0.0047236676,
      0.3816463,
      -0.38447246,
      -0.28607503,
      0.04627318,
      -0.2641812,
      0.3460748,
      -0.10538404,
      -0.45063388,
      0.18587697,
      -0.09883473,
      0.063788146,
      2.0919716,
      0.3863314,
      -0.26068065,
      -0.01393569,
      0.021351485,
      0.12332117,
      0.19724274,
      0.2548615,
      0.37802845,
      -0.22273646,
      0.015343392,
      0.12780622,
      -0.49790567,
      -0.06389932,
      0.022708343,
      0.071130395,
      -0.24453083,
      -0.19239706,
      0.2024734,
      -0.123265296,
      0.08367469,
      0.47129673,
      0.5890835,
      -0.28325686,
      0.084120415,
      0.2096101,
      0.03984322,
      0.29794464,
      0.0057942723,
      0.034078073,
      0.18820795,
      -0.06824932,
      -0.20907168,
      0.19900401,
      0.056881893,
      0.028662428,
      0.07990741,
      -0.015439742,
      0.27535462,
      -0.3237139,
      -0.1593305,
      -0.04124695,
      -0.48282388,
      -0.44505504,
      -0.096518986,
      -0.21021566,
      -0.02617276,
      -0.33765855,
      0.37838894,
      -0.10387769,
      -0.17805763,
      -0.0071497518,
      -0.36756486,
      -0.024414577,
      0.17917548,
      0.054217793,
      -0.043153152,
      0.03593834,
      0.036169678,
      -0.28644168,
      0.07253285,
      -0.087579995,
      0.3890638,
      0.10658344,
      0.31511474,
      0.083048545,
      0.3922903,
      0.15724769,
      -0.0016022956,
      -0.031439207,
      -9.153768e-8,
      0.17406142,
      -0.113916665,
      0.015478269,
      0.08337696,
      -0.14790715,
      0.32454976,
      -0.22896136,
      0.05331131,
      -0.3179352,
      -0.092778236,
      -0.11190262,
      -0.18332608,
      0.07090787,
      0.14289032,
      0.17458636,
      0.14310671,
      0.16007361,
      -0.02545894,
      -0.0030229916,
      0.0070278766,
      0.041510683,
      -0.20341535,
      0.22944097,
      0.21060713,
      0.20596191,
      -0.21879295,
      -0.02047832,
      -0.16571838,
      -0.061042886,
      -0.0018953453,
      0.27329385,
      0.59172076,
      -0.30387855,
      -0.026476411,
      0.2932024,
      0.15846749,
      0.13160568,
      -0.34514138,
      0.07764366,
      0.21313396,
      -0.060457263,
      -0.41761458,
      0.30223787,
      0.31012043,
      -0.40789115,
      -0.14843078,
      0.39580864,
      -0.076091334,
      -0.1679943,
      -0.18802252,
      -0.12456604,
      -0.19168682,
      -0.085045874,
      0.16126254,
      0.33295846,
      -0.09031479,
      0.072982,
      0.049851753,
      -0.27210945,
      0.30015424,
      0.024459627,
      0.100877486,
      0.070464954,
      -0.34822938
    ],
    "timestamp": 1780826478
  },
  {
    "id": "Melchior (Refined Draft - Cycle 2):1780826478096948700",
    "text": "OK",
    "source": "Melchior (Refined Draft - Cycle 2)",
    "embedding": [
      -0.023169778,
      -0.14555913,
      0.43366554,
      0.15779226,
      0.30598664,
      0.15437813,
      0.16698182,
      -0.008273012,
      -0.45831034,
      0.12793073,
      -0.01828263,
      0.07433581,
      -0.15318504,
      0.08202596,
      0.16364388,
      0.14493628,
      0.14184895,
      0.009705394,
      0.3430559,
      -0.136437,
      0.11050022,
      0.20839587,
      0.18058187,
      -0.05396931,
      0.018643646,
      0.26406243,
      0.15124148,
      0.23569083,
      -0.13133578,
      -0.39169744,
      -0.020726172,
      -0.31889722,
      -0.22536352,
      0.22286475,
      0.08711893,
      -0.30520472,
      0.120028906,
      -0.01642514,
      0.025201263,
      -0.1102731,
      -0.001034038,
      0.2444039,
      0.19216642,
      0.21313941,
      -0.15706845,
      0.041719664,
      0.20260525,
      -0.0678958,
      -0.04401837,
      0.007568307,
      0.12946817,
      0.073125936,
      0.24169348,
      0.05529195,
      0.043716315,
      0.05163627,
      -0.14611949,
      0.1582354,
      -0.010894179,
      -0.09602444,
      0.28284806,
      0.27371842,
      -5.5161724,
      -0.32501957,
      -0.27291557,
      0.17174837,
      0.07435039,
      -0.11768644,
      -0.18526416,
      -0.081048116,
      0.017678935,
      -0.11350167,
      0.25531885,
      0.12375325,
      -0.0010044455,
      -0.17002213,
      0.18628274,
      -0.12937555,
      0.07801314,
      0.36598855,
      -0.33986536,
      0.023447096,
      0.00059038715,
      -0.14667149,
      -0.1282313,
      -0.18529676,
      0.11658325,
      -0.17582335,
      -0.31018472,
      0.24480473,
      0.09641353,
      0.02946519,
      0.35067758,
      0.05194706,
      -0.49604636,
      -0.17544565,
      0.24361292,
      0.3746178,
      -0.38362262,
      0.62547845,
      0.11097458,
      -0.093505226,
      0.31130213,
      0.06680239,
      0.22763507,
      0.015037493,
      -0.41717762,
      0.35368,
      0.23935339,
      -0.22378272,
      0.024935024,
      0.08890376,
      0.02610652,
      -0.04979509,
      -0.07037285,
      0.02570683,
      -0.21064691,
      -0.21783888,
      -0.19748084,
      -0.0997341,
      0.21320769,
      -0.054972112,
      -0.04225248,
      0.15293598,
      -0.21954724,
      -0.06474223,
      0.34973377,
      -1.7207433e-32,
      0.22456162,
      -0.10441219,
      0.13107231,
      -0.13101283,
      0.153948,
      -0.27127358,
      0.035683192,
      -0.24986431,
      -0.27483562,
      0.19337267,
      -0.1436986,
      0.013042818,
      -0.044856284,
      0.49647754,
      0.3032555,
      0.42837206,
      0.2891167,
      0.3666866,
      -0.22475487,
      -0.050026566,
      -0.036170635,
      -0.11444204,
      0.059965827,
      0.043983653,
      0.2167364,
      -0.45345435,
      -0.0017253475,
      -0.2406996,
      0.59343684,
      0.08840025,
      -0.14527215,
      0.07104847,
      -0.15323111,
      -0.13055487,
      0.03207904,
      -0.049661793,
      0.03261906,
      -0.18450552,
      0.11379177,
      0.099003255,
      -0.24203981,
      0.13449012,
      -0.029254884,
      0.09836913,
      0.24648064,
      0.051485706,
      -0.103741504,
      -0.16335589,
      -0.023581848,
      -0.078902304,
      0.12460793,
      -0.058766402,
      0.37883887,
      0.23265147,
      -0.12435935,
      0.095993,
      0.056158982,
      -0.109294504,
      0.16446799,
      -0.18401131,
      0.039413866,
      0.2583598,
      0.05432997,
      0.40957087,
      0.23961371,
      -0.26418468,
      -0.021629736,
      0.013027182,
      -0.08320228,
      -0.1449918,
      0.27889717,
      -0.22312023,
      -0.5472259,
      0.38108706,
      -0.14584431,
      0.2121399,
      0.19013627,
      0.06413508,
      0.22279313,
      -0.14059713,
      0.2787645,
      -0.13110678,
      -0.802605,
      0.01777925,
      0.20528361,
      -0.16193393,
      -0.19393021,
      0.062709495,
      0.28205106,
      0.114331365,
      0.06912557,
      -0.09807622,
      0.2982552,
      -0.5209536,
      0.49123985,
      2.1887858e-32,
      -0.17432813,
      0.38121358,
      0.01539498,
      0.27110317,
      0.19230545,
      0.16460063,
      0.185119,
      -0.06773607,
      0.21242234,
      0.5319194,
      0.4134787,
      0.06843743,
      0.028585702,
      -0.0047236676,
      0.3816463,
      -0.38447246,
      -0.28607503,
      0.04627318,
      -0.2641812,
      0.3460748,
      -0.10538404,
      -0.45063388,
      0.18587697,
      -0.09883473,
      0.063788146,
      2.0919716,
      0.3863314,
      -0.26068065,
      -0.01393569,
      0.021351485,
      0.12332117,
      0.19724274,
      0.2548615,
      0.37802845,
      -0.22273646,
      0.015343392,
      0.12780622,
      -0.49790567,
      -0.06389932,
      0.022708343,
      0.071130395,
      -0.24453083,
      -0.19239706,
      0.2024734,
      -0.123265296,
      0.08367469,
      0.47129673,
      0.5890835,
      -0.28325686,
      0.084120415,
      0.2096101,
      0.03984322,
      0.29794464,
      0.0057942723,
      0.034078073,
      0.18820795,
      -0.06824932,
      -0.20907168,
      0.19900401,
      0.056881893,
      0.028662428,
      0.07990741,
      -0.015439742,
      0.27535462,
      -0.3237139,
      -0.1593305,
      -0.04124695,
      -0.48282388,
      -0.44505504,
      -0.096518986,
      -0.21021566,
      -0.02617276,
      -0.33765855,
      0.37838894,
      -0.10387769,
      -0.17805763,
      -0.0071497518,
      -0.36756486,
      -0.024414577,
      0.17917548,
      0.054217793,
      -0.043153152,
      0.03593834,
      0.036169678,
      -0.28644168,
      0.07253285,
      -0.087579995,
      0.3890638,
      0.10658344,
      0.31511474,
      0.083048545,
      0.3922903,
      0.15724769,
      -0.0016022956,
      -0.031439207,
      -9.153768e-8,
      0.17406142,
      -0.113916665,
      0.015478269,
      0.08337696,
      -0.14790715,
      0.32454976,
      -0.22896136,
      0.05331131,
      -0.3179352,
      -0.092778236,
      -0.11190262,
      -0.18332608,
      0.07090787,
      0.14289032,
      0.17458636,
      0.14310671,
      0.16007361,
      -0.02545894,
      -0.0030229916,
      0.0070278766,
      0.041510683,
      -0.20341535,
      0.22944097,
      0.21060713,
      0.20596191,
      -0.21879295,
      -0.02047832,
      -0.16571838,
      -0.061042886,
      -0.0018953453,
      0.27329385,
      0.59172076,
      -0.30387855,
      -0.026476411,
      0.2932024,
      0.15846749,
      0.13160568,
      -0.34514138,
      0.07764366,
      0.21313396,
      -0.060457263,
      -0.41761458,
      0.30223787,
      0.31012043,
      -0.40789115,
      -0.14843078,
      0.39580864,
      -0.076091334,
      -0.1679943,
      -0.18802252,
      -0.12456604,
      -0.19168682,
      -0.085045874,
      0.16126254,
      0.33295846,
      -0.09031479,
      0.072982,
      0.049851753,
      -0.27210945,
      0.30015424,
      0.024459627,
      0.100877486,
      0.070464954,
      -0.34822938
    ],
    "timestamp": 1780826480
  },
  {
    "id": "Melchior (Initial Draft):1780827585897188900",
    "text": "\n\nthe first time I could create a sense of unease and suspenseful moments could I'do:\n\nThe story is intended to be more dramatic and believable for me.",
    "source": "Melchior (Initial Draft)",
    "embedding": [
      -0.023483636,
      -0.17843886,
      0.45809257,
      0.13262264,
      0.0742101,
      0.027057774,
      -0.049076013,
      -0.028673174,
      0.16310601,
      -0.06573465,
      -0.19515304,
      0.06812499,
      -0.050547346,
      0.062044185,
      0.15034015,
      -0.14814177,
      0.19635625,
      0.27134252,
      0.16486752,
      0.07021127,
      0.16877425,
      -0.051503006,
      -0.095116846,
      -0.070227556,
      -0.20454007,
      -0.06950651,
      0.21102166,
      0.051495116,
      -0.436033,
      -0.16660805,
      -0.075716704,
      -0.04322799,
      -0.10321362,
      0.062575206,
      0.22480318,
      -0.06140291,
      0.096769206,
      0.0021948162,
      0.2075123,
      -0.13695632,
      -0.14333884,
      0.16738166,
      0.46256062,
      0.0793775,
      -0.22354859,
      -0.19855839,
      0.022481235,
      -0.16587125,
      0.0068261726,
      -0.1659544,
      -0.14767186,
      0.12812161,
      -0.08960876,
      -0.3323697,
      -0.25651908,
      -0.24434647,
      0.06828006,
      0.08149854,
      0.081170544,
      -0.17548901,
      0.20066923,
      0.11895724,
      -3.3046582,
      0.17924857,
      0.010451622,
      -0.0447801,
      0.1990472,
      -0.0624409,
      0.12279724,
      0.10339669,
      0.090858415,
      -0.13596313,
      0.19821075,
      -0.11906549,
      -0.3683344,
      -0.31421724,
      0.11658503,
      -0.37224454,
      -0.0016776926,
      0.26947495,
      -0.18312697,
      0.034822535,
      -0.13238457,
      0.12520981,
      -0.17796814,
      -0.028154602,
      0.14132778,
      -0.16419242,
      -0.10291313,
      0.29779214,
      -0.34172565,
      -0.33635107,
      0.13758363,
      0.27472574,
      -0.3513951,
      0.09031684,
      -0.12070117,
      0.19748677,
      -0.09147622,
      0.12211441,
      0.18983261,
      -0.15030892,
      0.053422827,
      -0.06546322,
      0.22174357,
      -0.030546432,
      -0.4335885,
      0.103068545,
      -0.07982347,
      -0.096247084,
      0.09292379,
      0.007452631,
      -0.11429768,
      0.17760928,
      0.19817871,
      0.1456186,
      -0.127503,
      -0.30757445,
      0.03244719,
      0.24560088,
      0.3149576,
      0.15222393,
      -0.06711345,
      0.12870167,
      -0.28945553,
      0.0027560296,
      0.32170805,
      -5.161042e-33,
      0.21350156,
      0.2911912,
      -0.03755053,
      -0.10309225,
      0.23427588,
      0.009040425,
      -0.21636407,
      0.09110293,
      -0.34700286,
      0.27083188,
      0.09850143,
      0.16974278,
      0.07406006,
      -0.0405126,
      -0.032055825,
      0.41520554,
      -0.20068611,
      -0.11895804,
      0.21206443,
      0.07902746,
      -0.1919924,
      -0.066175774,
      -0.16019207,
      -0.1527624,
      -0.21652614,
      -0.29935792,
      0.21724144,
      -0.049543273,
      0.31102234,
      0.0690665,
      -0.037663355,
      0.37178418,
      0.04611559,
      -0.38543272,
      0.16087556,
      -0.027989257,
      -0.36973974,
      0.036333248,
      0.2621147,
      0.21711838,
      -0.21362832,
      -0.11010456,
      -0.124947846,
      -0.016450813,
      0.11876976,
      0.38173854,
      0.15044688,
      -0.18556927,
      -0.2099677,
      -0.036246095,
      -0.064125694,
      -0.24455118,
      0.26051143,
      0.2763121,
      0.08658814,
      -0.071883775,
      0.08526671,
      -0.1976324,
      0.37627038,
      -0.31251746,
      0.0815628,
      0.02456027,
      -0.08718104,
      0.2730942,
      0.122863226,
      -0.3165806,
      -0.022732759,
      -0.10786637,
      0.028182944,
      -0.081072986,
      -0.24468106,
      -0.20197794,
      -0.34473488,
      0.13244824,
      -0.3240228,
      0.05735711,
      0.029996285,
      0.066095665,
      0.113681145,
      0.021230463,
      0.34118927,
      -0.22520195,
      -0.48317575,
      0.25763378,
      -0.0642355,
      -0.25372916,
      -0.061883666,
      -0.13647681,
      -0.019682206,
      0.3497225,
      0.352961,
      -0.11396828,
      -0.05054326,
      -0.4358514,
      0.3573188,
      3.438208e-34,
      0.2723934,
      -0.058448594,
      -0.16522749,
      0.056431502,
      -0.15153442,
      -0.08242354,
      -0.20743401,
      -0.24022336,
      0.19125131,
      0.46693903,
      0.050001696,
      0.15216577,
      0.21438071,
      -0.22291927,
      0.11130357,
      -0.38441,
      -0.05796605,
      -0.097748816,
      -0.2949551,
      0.24255918,
      -0.011967685,
      -0.53963345,
      0.062279113,
      -0.30208832,
      0.55294514,
      1.5095942,
      0.41383633,
      -0.07647415,
      -0.30976948,
      -0.252223,
      -0.14428127,
      0.37911075,
      0.22012398,
      -0.18454352,
      -0.048664648,
      0.33899423,
      0.4552476,
      -0.3436205,
      0.02093315,
      -0.068309076,
      0.16684195,
      -0.30674392,
      0.06490406,
      0.09714017,
      -0.03631798,
      0.12156095,
      0.53196335,
      0.07552689,
      -0.16667737,
      -0.054776907,
      -0.10799634,
      0.25362578,
      0.05752037,
      -0.13651279,
      0.023769168,
      0.08553468,
      -0.00054419145,
      -0.27468336,
      0.30180845,
      0.1808545,
      -0.24080367,
      0.31819296,
      -0.17191765,
      -0.12179616,
      -0.17190543,
      -0.20301908,
      -0.22274713,
      -0.40716195,
      -0.3569783,
      0.22296491,
      -0.29151395,
      0.19510525,
      -0.4510394,
      0.17843126,
      0.29391626,
      -0.27362242,
      0.031228246,
      -0.26186603,
      -0.16741773,
      0.08200615,
      0.040911093,
      -0.13255337,
      0.24249615,
      0.13336816,
      -0.22870322,
      0.0884864,
      -0.2854088,
      0.17264535,
      -0.084191285,
      -0.0022602507,
      -0.018412966,
      0.31509176,
      0.08339865,
      -0.0792676,
      0.12840775,
      -1.0082508e-7,
      0.17208828,
      -0.391685,
      0.15559767,
      -0.08251026,
      -0.29130334,
      0.032194007,
      -0.16766031,
      0.20558639,
      -0.19682278,
      -0.029181372,
      -0.18793795,
      0.09466616,
      0.10321603,
      0.18653898,
      0.018196076,
      -0.06263454,
      0.4982086,
      0.025441043,
      0.0019000662,
      0.30935097,
      0.4603327,
      -0.04333777,
      -0.0069828,
      -0.25070295,
      -0.027520765,
      0.039714187,
      -0.017382069,
      -0.30075467,
      -0.046312246,
      -0.19279182,
      0.022089807,
      0.61191237,
      -0.2467726,
      -0.13134623,
      -0.032914374,
      0.13817301,
      0.11232911,
      -0.0057019657,
      0.11147352,
      0.18973662,
      0.046211973,
      0.14699666,
      0.1885585,
      0.21098651,
      -0.40496323,
      0.11153464,
      0.36514342,
      -0.15695181,
      0.1768333,
      0.15268953,
      -0.04089389,
      0.103522725,
      0.17982443,
      0.25118327,
      0.028183725,
      -0.019986438,
      -0.08048533,
      0.30374444,
      -0.3807559,
      0.26311958,
      0.07250649,
      0.22699551,
      -0.13872825,
      -0.11702224
    ],
    "timestamp": 1780827585
  },
  {
    "id": "Melchior (Smoke) (Critique):1780827587982118900",
    "text": "\n\n\nI could add some dramatic tension to the scene.",
    "source": "Melchior (Smoke) (Critique)",
    "embedding": [
      -0.18498412,
      0.00939312,
      0.31730255,
      0.055597603,
      0.14321071,
      0.2229631,
      -0.15375856,
      0.05993737,
      -0.3567837,
      0.14971933,
      -0.17252308,
      -0.04445319,
      -0.23015575,
      0.17198388,
      0.3831539,
      0.007078948,
      0.16560996,
      -0.0063865674,
      0.13723996,
      0.0660949,
      0.25117937,
      0.29849094,
      0.24447219,
      -0.014095748,
      -0.3387016,
      0.39183506,
      0.16510978,
      0.20569699,
      -0.28221613,
      -0.12794758,
      0.11266946,
      -0.024656532,
      -0.12800503,
      0.23525777,
      -0.09964491,
      0.1682666,
      -0.0382047,
      0.13489138,
      0.087363735,
      -0.31187022,
      -0.0287728,
      0.2602049,
      0.37052172,
      0.32526758,
      -0.19346978,
      -0.13145688,
      0.15442845,
      -0.09700625,
      0.033743046,
      -0.2002354,
      -0.046983674,
      0.103706434,
      -0.04707481,
      -0.3054711,
      -0.30991784,
      -0.29400507,
      0.3831089,
      -0.003062144,
      0.13941659,
      -0.11590141,
      0.31690907,
      0.15406111,
      -4.940591,
      -0.07234982,
      -0.11143168,
      -0.06249075,
      0.20136118,
      -0.054784156,
      -0.25376105,
      0.28087553,
      0.47008994,
      -0.024258828,
      -0.013532315,
      -0.38113853,
      -0.35122934,
      -0.39611614,
      0.0534043,
      -0.3105961,
      0.06044496,
      0.27779067,
      -0.28703368,
      -0.015250979,
      -0.1849557,
      0.09707095,
      -0.037012495,
      -0.20221947,
      0.18359387,
      -0.275369,
      -0.5485799,
      0.28236142,
      -0.31704625,
      -0.022231836,
      0.4570621,
      0.23008142,
      -0.21259408,
      0.096414864,
      0.08257591,
      0.23125322,
      -0.00788139,
      -0.087149054,
      0.15212178,
      -0.116094984,
      0.1604255,
      0.14754394,
      -0.042816456,
      -0.093397446,
      -0.2979613,
      0.10638,
      -0.040507194,
      -0.23036686,
      -0.039247707,
      0.07724143,
      -0.03094745,
      0.15417975,
      0.15956318,
      0.15839821,
      -0.12554507,
      -0.25135756,
      -0.26334047,
      0.37636453,
      0.3158068,
      0.23920162,
      -0.19407055,
      0.13226883,
      -0.2633852,
      0.15100396,
      0.314662,
      -2.1535757e-32,
      0.26664987,
      0.31795663,
      -0.033527702,
      -0.21153781,
      0.21885857,
      -0.083770454,
      -0.3580341,
      -0.010370601,
      -0.13177109,
      0.40257335,
      -0.1340688,
      -0.32483774,
      -0.06765824,
      0.24416779,
      0.12462796,
      0.30905893,
      0.10977197,
      -0.0072264313,
      0.052692525,
      0.075583525,
      -0.13088708,
      0.10301594,
      -0.13106355,
      -0.13025965,
      -0.04899812,
      -0.53387785,
      0.2154009,
      0.13793364,
      0.34273466,
      0.07260945,
      -0.25503334,
      0.23820795,
      0.10662358,
      0.13693626,
      0.124394365,
      0.0026162355,
      -0.19739838,
      -0.009788987,
      -0.029977055,
      0.22070366,
      -0.29501992,
      0.010452228,
      -0.104916506,
      0.15851627,
      0.10498542,
      0.22481325,
      -0.08604445,
      0.07904046,
      -0.03864247,
      0.009685845,
      0.07937309,
      -0.013093586,
      0.46003452,
      0.114434466,
      -0.10862729,
      0.20924665,
      0.011593141,
      -0.16136333,
      0.12847203,
      -0.29559842,
      -0.056577794,
      -0.029427018,
      0.18428612,
      0.4819251,
      0.14370918,
      -0.37059885,
      0.024443299,
      0.16671821,
      -0.23290415,
      -0.077676594,
      -0.06624311,
      -0.16725457,
      -0.258662,
      0.4724873,
      -0.13365097,
      0.11155923,
      0.22311509,
      0.06375953,
      0.21199194,
      -0.015496615,
      0.18284883,
      -0.39696777,
      -0.63602483,
      0.2815245,
      0.009692697,
      -0.18982294,
      -0.028926361,
      -0.08338124,
      -0.035743322,
      0.3196901,
      0.27781296,
      -0.16327071,
      -0.046498038,
      -0.35738066,
      0.46027395,
      2.2585256e-32,
      0.18094088,
      -0.0935842,
      -0.17302015,
      0.33097103,
      0.11618317,
      0.21635972,
      -0.14526172,
      -0.13819647,
      0.33789927,
      0.27469814,
      -0.044414613,
      0.11615013,
      -0.060988963,
      -0.041536804,
      -0.037819542,
      -0.6162473,
      -0.26810253,
      -0.09331842,
      -0.2196806,
      0.4150863,
      0.27024353,
      -0.5598949,
      0.23110229,
      -0.10114289,
      0.20397638,
      2.0374875,
      0.28022298,
      -0.32127637,
      -0.12330186,
      -0.15794003,
      -0.025772678,
      0.21261546,
      0.20940357,
      -0.24285865,
      -0.050188713,
      0.38751504,
      0.2368459,
      -0.43822706,
      0.06621669,
      0.04840917,
      0.19855234,
      -0.35865033,
      -0.056657318,
      0.34210983,
      0.13258064,
      0.16363369,
      0.52794915,
      0.33649328,
      -0.38676533,
      0.09436032,
      0.077215,
      0.17445375,
      -0.1329579,
      -0.15075545,
      0.09003745,
      0.15142703,
      -0.0014062654,
      -0.39157426,
      0.3930844,
      0.11780619,
      -0.20668043,
      0.1608631,
      -0.07404187,
      -0.03862222,
      -0.49139515,
      -0.35875443,
      -0.22814466,
      -0.52573484,
      -0.22238813,
      0.123146996,
      -0.12688878,
      0.046678975,
      -0.19596279,
      0.30378035,
      0.2405216,
      -0.22046588,
      -0.12689655,
      -0.40754235,
      0.15921544,
      0.08811322,
      0.28407985,
      -0.22199945,
      -0.008231417,
      0.28693196,
      -0.41487277,
      0.15663062,
      -0.11041021,
      0.1816501,
      0.04836441,
      0.17429648,
      -0.020786531,
      0.27954075,
      -0.041335393,
      -0.1707104,
      0.12367384,
      -9.456546e-8,
      0.10840183,
      -0.18369444,
      0.17495684,
      -0.1376981,
      -0.27618617,
      0.2340811,
      -0.077665105,
      0.1870267,
      -0.21191461,
      -0.054034263,
      -0.14477372,
      0.21624123,
      -0.1811232,
      0.26193935,
      -0.012261173,
      0.5027198,
      0.38306928,
      0.07374359,
      -0.018142985,
      0.16782647,
      0.10818795,
      -0.15431678,
      0.14204554,
      0.060419697,
      0.16395518,
      -0.13336515,
      -0.07083339,
      -0.1021973,
      0.01732267,
      -0.11130369,
      0.3107775,
      0.3848225,
      -0.5466291,
      -0.03525492,
      0.09522878,
      0.8409192,
      0.0053963265,
      -0.31663054,
      0.06299643,
      0.43406945,
      0.104915515,
      -0.027600097,
      0.05662485,
      0.26800007,
      -0.16559835,
      0.0421537,
      0.26649565,
      0.07932274,
      0.018427018,
      -0.28490552,
      0.09494426,
      -0.11982987,
      -0.10834853,
      0.21500596,
      0.26110312,
      0.20831764,
      0.06665682,
      0.2627249,
      -0.3175107,
      0.35941708,
      0.18491045,
      0.237247,
      -0.27569944,
      -0.20965967
    ],
    "timestamp": 1780827588
  }
]